phase,dataset_id,dataset_name,model_id,model_name,auroc,auprc,ece_ew,ece_em,brier,sce,recal_method
A,D1,PTB-XL,M1,MERL,0.9080521191077209,0.8298464113634335,0.0846901989606765,0.08449629573005239,0.12124723724259415,-0.08448846822670492,none
A,D1,PTB-XL,M2,ST-MEM,0.9137939046843073,0.839269593566552,0.0645539191750507,0.06457544783028885,0.11354721776866868,-0.0640069329683579,none
A,D1,PTB-XL,M3,HuBERT-ECG,0.9205873489044389,0.856330166800708,0.08345899334147808,0.08316792198393264,0.11413817012696865,-0.0831595010195787,none
A,D1,PTB-XL,M4,ECGFM-KED,0.9159224617627798,0.8431703824198683,0.05911958509435258,0.058953322520063425,0.11040008616695374,-0.05886241316190388,none
A,D1,PTB-XL,M5,ECG-FM,0.9213880445275132,0.8573854788731644,0.07374446184029837,0.07383665039897454,0.11235757962484663,-0.0736830499521269,none
A,D1,PTB-XL,M6,S4,0.912102498832007,0.8403340759003257,0.017229110940435725,0.013543424749805483,0.10784669693592101,-0.0025946175045037006,none
A,D3,CODE-15%,M1,MERL,0.9119959077201746,0.7916910999246799,0.07443067368206878,0.07441736341019811,0.10696035515985974,-0.07440853273806473,none
A,D3,CODE-15%,M2,ST-MEM,0.9192296378988867,0.8116556290949265,0.059235328466693556,0.05919219956543966,0.10131940475175015,-0.05917839978436629,none
A,D3,CODE-15%,M3,HuBERT-ECG,0.9215860878985063,0.8206576904837327,0.08248604930341243,0.08203764654295444,0.10732093166062762,-0.0820292020767927,none
A,D3,CODE-15%,M4,ECGFM-KED,0.9157417077931694,0.8057256823199013,0.05479587863584359,0.05444587885339619,0.10093682918411895,-0.05442361478706201,none
A,D3,CODE-15%,M5,ECG-FM,0.9198318265092539,0.8184891721862971,0.06839326767784853,0.06809089001900938,0.10258205412425796,-0.06807407587232689,none
A,D3,CODE-15%,M6,S4,0.9146160696907618,0.7994042179342276,0.013407869510756185,0.012022072736464906,0.09650480076478353,0.0017089808297964437,none
A,D4,CPSC2018,M1,MERL,0.9115856455811981,0.7750764318228877,0.07670943159770467,0.07351800340028593,0.1047481967136748,-0.07292499850703842,none
A,D4,CPSC2018,M2,ST-MEM,0.9158037977113137,0.7900373551384221,0.06312183426969029,0.05882705865728219,0.1000985011876928,-0.058334497411227586,none
A,D4,CPSC2018,M3,HuBERT-ECG,0.91972926696138,0.8090108126114899,0.08279959168999065,0.08140670589367027,0.10573645957417895,-0.08133766570222353,none
A,D4,CPSC2018,M4,ECGFM-KED,0.9183206037609855,0.7919396682285081,0.060840733848274736,0.05828816095735179,0.09958711089979862,-0.05600091807775257,none
A,D4,CPSC2018,M5,ECG-FM,0.9221756611918016,0.8160547784448229,0.06616755623473088,0.0646545890285105,0.09757697957213513,-0.06436386668266894,none
A,D4,CPSC2018,M6,S4,0.91959023050674,0.8040260864627821,0.027813346584629934,0.023837850151315225,0.09098950345724545,-0.0028563928555754964,none
B,D1,PTB-XL,M1,MERL,0.9080521191077209,0.8298464113634335,0.059418227786700875,0.06191075955582549,0.11741988706234292,-0.05836124700927363,temperature_scaling
B,D1,PTB-XL,M1,MERL,0.90805216433459,0.8298464113634335,0.022719689215600525,0.02100598754393112,0.1101190064947235,0.0013496593779159921,platt_scaling
B,D1,PTB-XL,M1,MERL,0.907327379475328,0.8129393408732879,0.020251638646623046,0.020800124364094844,0.11028008527843025,0.0014034625862626151,isotonic_regression
B,D1,PTB-XL,M1,MERL,0.9016999995974538,0.81551115751248,0.022840243423077864,0.0240600637257894,0.11434159212730292,-0.003941509240649194,learned_mlp_head
B,D1,PTB-XL,M2,ST-MEM,0.9137939046843073,0.8392696410254059,0.048357668822638054,0.049660223434226915,0.11175036393653867,-0.046457587172742364,temperature_scaling
B,D1,PTB-XL,M2,ST-MEM,0.9137939492054666,0.839269593566552,0.020799217979629525,0.017145195514072724,0.10726245383544361,0.004177216814048543,platt_scaling
B,D1,PTB-XL,M2,ST-MEM,0.9127541901655946,0.8248226391977159,0.02308726689501942,0.019420235087633738,0.10795523471392073,0.0039094279134721105,isotonic_regression
B,D1,PTB-XL,M2,ST-MEM,0.9090477388538343,0.8317094270469522,0.023993031230615282,0.023585117284648613,0.11050758662023326,-0.00034513093760835155,learned_mlp_head
B,D1,PTB-XL,M3,HuBERT-ECG,0.9205873905892558,0.856330166800708,0.06207591154622836,0.0625694585601263,0.11114321683825339,-0.05875459929316399,temperature_scaling
B,D1,PTB-XL,M3,HuBERT-ECG,0.9205873905892558,0.856330166800708,0.025079431578742116,0.02457345003762489,0.10338425317538316,0.008487203946537243,platt_scaling
B,D1,PTB-XL,M3,HuBERT-ECG,0.9197098160335656,0.8410697822250685,0.02210479579417897,0.021427058030495685,0.10363883732586701,0.008313227386779,isotonic_regression
B,D1,PTB-XL,M3,HuBERT-ECG,0.9161550312412563,0.8475308592395454,0.02262283983118423,0.01967291312314037,0.10594350440778007,-0.0009498119523682801,learned_mlp_head
B,D1,PTB-XL,M4,ECGFM-KED,0.9159224617627798,0.8431703824198683,0.04614678575919989,0.046938455532735915,0.10897209968533075,-0.04378182294759194,temperature_scaling
B,D1,PTB-XL,M4,ECGFM-KED,0.9159224617627798,0.8431703824198683,0.01723777973303465,0.016894869799079136,0.10511235517272835,0.0032657400233004697,platt_scaling
B,D1,PTB-XL,M4,ECGFM-KED,0.9151295963304422,0.8282831454233005,0.015493847432367785,0.01754375071042901,0.10545372825643429,0.0032815257807163314,isotonic_regression
B,D1,PTB-XL,M4,ECGFM-KED,0.9098401218878308,0.8328529573840955,0.03191801044653296,0.03124485126385517,0.10992610239182635,3.4124332096915486e-05,learned_mlp_head
B,D1,PTB-XL,M5,ECG-FM,0.9213880445275132,0.8573854788731644,0.057696597667022065,0.05858861302754349,0.11022550818334631,-0.056708279047820886,temperature_scaling
B,D1,PTB-XL,M5,ECG-FM,0.9213880445275132,0.8573854788731644,0.020207374098782354,0.017534270579725005,0.1036742937783813,-0.0008489306045011569,platt_scaling
B,D1,PTB-XL,M5,ECG-FM,0.9204823697833643,0.8428527511619149,0.018776344845437592,0.019515852425519165,0.10421888449326673,-0.00029564267081255165,isotonic_regression
B,D1,PTB-XL,M5,ECG-FM,0.9171839154200733,0.8502889919658921,0.02419590316053312,0.023825776360362434,0.10664255095937873,-0.005002858235940831,learned_mlp_head
B,D3,CODE-15%,M1,MERL,0.9119958884824871,0.7916910813451105,0.04485833265831073,0.04632246137602488,0.10286491714241375,-0.04301612716565529,temperature_scaling
B,D3,CODE-15%,M1,MERL,0.9119958884824871,0.7916910813451105,0.01537234862751017,0.014114223777281587,0.097658787384674,0.0009836095536127686,platt_scaling
B,D3,CODE-15%,M1,MERL,0.911804305301454,0.7842214071039177,0.0137885944303746,0.012816534278537925,0.09767229563793374,0.0010489435606325663,isotonic_regression
B,D3,CODE-15%,M1,MERL,0.9098381602506853,0.7858935865477296,0.01397611892564843,0.011986878128683506,0.09870099375745846,0.0004219516729936,learned_mlp_head
B,D3,CODE-15%,M2,ST-MEM,0.9192296541344946,0.8116556290949265,0.039780980556085706,0.039982042769245656,0.09899636764582857,-0.03762761526840429,temperature_scaling
B,D3,CODE-15%,M2,ST-MEM,0.9192296541344946,0.8116556290949265,0.013257987553750477,0.011249776604910342,0.09530521836220866,0.0020648776547362406,platt_scaling
B,D3,CODE-15%,M2,ST-MEM,0.9191244685450978,0.8052621314852498,0.012102384504303336,0.010142425835328027,0.09524793931514014,0.0020050247851759197,isotonic_regression
B,D3,CODE-15%,M2,ST-MEM,0.9182610771810603,0.8094813311838807,0.013477616114293536,0.011976125819476631,0.09578253365128937,-0.0019057297228525082,learned_mlp_head
B,D3,CODE-15%,M3,HuBERT-ECG,0.9215860878985063,0.8206576904837327,0.054107746545473734,0.0547115731975607,0.10266840473719131,-0.052825243213276064,temperature_scaling
B,D3,CODE-15%,M3,HuBERT-ECG,0.9215860878985063,0.8206576904837327,0.015777435165488473,0.01331555733224183,0.09536323072965613,-0.00174743157007421,platt_scaling
B,D3,CODE-15%,M3,HuBERT-ECG,0.9214636302458391,0.8142671429108983,0.012800858692328136,0.012223534489043307,0.09531722005054788,-0.0017165260557085275,isotonic_regression
B,D3,CODE-15%,M3,HuBERT-ECG,0.9204246225406542,0.8183208669501544,0.014407545757479967,0.014244763692792428,0.09592266023339335,-0.003967263981389502,learned_mlp_head
B,D3,CODE-15%,M4,ECGFM-KED,0.9157417077931694,0.8057256823199013,0.03525450062317153,0.03628927899799309,0.0992736578257173,-0.03436845069775979,temperature_scaling
B,D3,CODE-15%,M4,ECGFM-KED,0.9157417077931694,0.8057256823199013,0.015863322377080716,0.013992499801456386,0.09639155863738778,0.002759697536875805,platt_scaling
B,D3,CODE-15%,M4,ECGFM-KED,0.9156660334974293,0.799173967577473,0.014769158782375355,0.011163092689857391,0.09626628023123085,0.0027324047395959495,isotonic_regression
B,D3,CODE-15%,M4,ECGFM-KED,0.914338385778766,0.8027144280814066,0.015372975626587867,0.013806264465954156,0.09713392242526009,0.001737417949487766,learned_mlp_head
B,D3,CODE-15%,M5,ECG-FM,0.9198318070588266,0.8184891721862971,0.044474209968249,0.04580984337486249,0.09993076210292307,-0.04368937905877828,temperature_scaling
B,D3,CODE-15%,M5,ECG-FM,0.9198318265092539,0.8184891917681146,0.01587464839977523,0.014046213350990246,0.09491807305060569,-2.0321050782998297e-05,platt_scaling
B,D3,CODE-15%,M5,ECG-FM,0.9197336302449667,0.8121950379450874,0.012875877999328074,0.010936539915892989,0.09474322972716293,-9.392468525717626e-05,isotonic_regression
B,D3,CODE-15%,M5,ECG-FM,0.9184031548499719,0.814940656872062,0.01435417083464563,0.013112213265853158,0.09571676998801354,-0.00408731995796164,learned_mlp_head
B,D4,CPSC2018,M1,MERL,0.9115856455811981,0.7750764318228877,0.04920762720574769,0.050189365121697596,0.10042971946712895,-0.040503149356012784,temperature_scaling
B,D4,CPSC2018,M1,MERL,0.9115856455811981,0.7750764318228877,0.03253716567294988,0.027920315567154685,0.09564046215438346,0.0005451162899407162,platt_scaling
B,D4,CPSC2018,M1,MERL,0.9088687031053629,0.7474826467644483,0.030269159450902448,0.028430337780446995,0.0964541219400634,0.0011330727406783057,isotonic_regression
B,D4,CPSC2018,M1,MERL,0.8968344362746407,0.7284635936237296,0.032275544146988716,0.030894371951363513,0.10480777155942293,-0.01060027896300677,learned_mlp_head
B,D4,CPSC2018,M2,ST-MEM,0.9158037977113137,0.7900373551384221,0.04513592746409184,0.04511827890119321,0.09731662276477375,-0.035092240557917626,temperature_scaling
B,D4,CPSC2018,M2,ST-MEM,0.9158037977113137,0.7900373551384221,0.03254716707578829,0.026245233630040863,0.09430953529280789,0.0005354083579957715,platt_scaling
B,D4,CPSC2018,M2,ST-MEM,0.9140977783126684,0.765878627579799,0.02963622419565072,0.027929315125469773,0.09539120984701772,0.0005773793440512705,isotonic_regression
B,D4,CPSC2018,M2,ST-MEM,0.8975868479761261,0.7353509108712875,0.03814860629601666,0.0339421008013842,0.10521216462065036,-0.012724068817084143,learned_mlp_head
B,D4,CPSC2018,M3,HuBERT-ECG,0.91972926696138,0.8090108126114899,0.05666845379339918,0.058186158834380323,0.10070339435540292,-0.05377802463289684,temperature_scaling
B,D4,CPSC2018,M3,HuBERT-ECG,0.91972926696138,0.8090108126114899,0.03181913912614758,0.028433424080002784,0.09437807122590441,-0.005984111403056534,platt_scaling
B,D4,CPSC2018,M3,HuBERT-ECG,0.917658760080328,0.7832082271815461,0.03418101258050493,0.031120655868283213,0.09539831830055621,-0.0063450776790986655,isotonic_regression
B,D4,CPSC2018,M3,HuBERT-ECG,0.9004707398152555,0.7536559706779931,0.043184229051136766,0.04175545001708808,0.1075047571130967,-0.023952170606549354,learned_mlp_head
B,D4,CPSC2018,M4,ECGFM-KED,0.9183206037609855,0.7919396682285081,0.04509316614965775,0.04752308121116536,0.09702893417923344,-0.03581845001921196,temperature_scaling
B,D4,CPSC2018,M4,ECGFM-KED,0.9183203283790308,0.791936776717983,0.032219132821418146,0.028420755522111665,0.09359183570722208,0.0010799141678939886,platt_scaling
B,D4,CPSC2018,M4,ECGFM-KED,0.9146653872693595,0.7598845266854324,0.03373313528721435,0.031722908328600634,0.09562848364326583,0.001154025589636528,isotonic_regression
B,D4,CPSC2018,M4,ECGFM-KED,0.900390035507362,0.7433854813992293,0.03530687342658975,0.036475357149506185,0.10412237574146627,-0.013203307458329514,learned_mlp_head
B,D4,CPSC2018,M5,ECG-FM,0.9221756611918016,0.8160547784448229,0.04757785161136522,0.04938475563830755,0.09518018320806712,-0.04039385745483936,temperature_scaling
B,D4,CPSC2018,M5,ECG-FM,0.9221756611918016,0.8160547784448229,0.030172904288860696,0.02619885548950313,0.09063832670587008,0.00013354169952857215,platt_scaling
B,D4,CPSC2018,M5,ECG-FM,0.9199993218530556,0.7902014826656161,0.028233115020040406,0.028234570744791868,0.09158383787058086,0.0007023345251887729,isotonic_regression
B,D4,CPSC2018,M5,ECG-FM,0.902275859970715,0.7651408270525148,0.03535471351796795,0.03608138209757732,0.10327701066733823,-0.009530651296367012,learned_mlp_head
