endpoint,endpoint_class,model_id,model,dataset_id,dataset,alpha,target_coverage,method,n_test,n_cal,n_test_pos,n_test_neg,coverage,coverage_tp,coverage_tn,avg_set_size,singleton_rate,empty_rate,both_rate,conformal_quantile,quantile_is_inf
MI,MI,M1,MERL,D1,PTB-XL,0.1,0.9,raw,299,297,40,259,0.8929765886287625,0.45,0.9613899613899614,1.120401337792642,0.8795986622073578,0.0,0.12040133779264214,0.7164505411570633,False
MI,MI,M1,MERL,D1,PTB-XL,0.1,0.9,platt,299,297,40,259,0.8929765886287625,0.275,0.9884169884169884,1.0702341137123745,0.9297658862876255,0.0,0.07023411371237458,0.6348625518809037,False
MI,MI,M1,MERL,D1,PTB-XL,0.1,0.9,isotonic,299,297,40,259,0.9096989966555183,0.35,0.9961389961389961,1.0969899665551839,0.903010033444816,0.0,0.09698996655518395,0.5384615384615384,False
MI,MI,M1,MERL,D1,PTB-XL,0.1,0.9,temperature,299,297,40,259,0.8929765886287625,0.45,0.9613899613899614,1.120401337792642,0.8795986622073578,0.0,0.12040133779264214,0.6346602240346257,False
MI,MI,M1,MERL,D1,PTB-XL,0.2,0.8,raw,299,297,40,259,0.7424749163879598,0.125,0.8378378378378378,0.8327759197324415,0.8327759197324415,0.16722408026755853,0.0,0.2235149153358697,False
MI,MI,M1,MERL,D1,PTB-XL,0.2,0.8,platt,299,297,40,259,0.7892976588628763,0.025,0.9073359073359073,0.8729096989966555,0.8729096989966555,0.12709030100334448,0.0,0.2626488020975485,False
MI,MI,M1,MERL,D1,PTB-XL,0.2,0.8,isotonic,299,297,40,259,0.7892976588628763,0.025,0.9073359073359073,0.8729096989966555,0.8729096989966555,0.12709030100334448,0.0,0.2692307692307692,False
MI,MI,M1,MERL,D1,PTB-XL,0.2,0.8,temperature,299,297,40,259,0.7424749163879598,0.125,0.8378378378378378,0.8327759197324415,0.8327759197324415,0.16722408026755853,0.0,0.3225776046758912,False
MI,MI,M1,MERL,D5,MIMIC-IV-ECG,0.1,0.9,raw,301,298,62,239,0.9036544850498339,0.6935483870967742,0.9581589958158996,1.2425249169435215,0.7574750830564784,0.0,0.2425249169435216,0.8248799682911252,False
MI,MI,M1,MERL,D5,MIMIC-IV-ECG,0.1,0.9,platt,301,298,62,239,0.9136212624584718,0.5806451612903226,1.0,1.2491694352159468,0.7508305647840532,0.0,0.24916943521594684,0.7432615296258143,False
MI,MI,M1,MERL,D5,MIMIC-IV-ECG,0.1,0.9,isotonic,301,298,62,239,0.9136212624584718,0.6129032258064516,0.9916317991631799,1.2524916943521596,0.7475083056478405,0.0,0.25249169435215946,0.5681818181818181,False
MI,MI,M1,MERL,D5,MIMIC-IV-ECG,0.1,0.9,temperature,301,298,62,239,0.9036544850498339,0.6935483870967742,0.9581589958158996,1.2425249169435215,0.7574750830564784,0.0,0.2425249169435216,0.6897322545119203,False
MI,MI,M1,MERL,D5,MIMIC-IV-ECG,0.2,0.8,raw,301,298,62,239,0.8305647840531561,0.5161290322580645,0.9121338912133892,1.0498338870431894,0.9501661129568106,0.0,0.04983388704318937,0.5725190907742871,False
MI,MI,M1,MERL,D5,MIMIC-IV-ECG,0.2,0.8,platt,301,298,62,239,0.8239202657807309,0.3225806451612903,0.9539748953974896,1.0166112956810631,0.9833887043189369,0.0,0.016611295681063124,0.5295854439109583,False
MI,MI,M1,MERL,D5,MIMIC-IV-ECG,0.2,0.8,isotonic,301,298,62,239,0.8205980066445183,0.3064516129032258,0.9539748953974896,0.9966777408637874,0.9966777408637874,0.0033222591362126247,0.0,0.4375,False
MI,MI,M1,MERL,D5,MIMIC-IV-ECG,0.2,0.8,temperature,301,298,62,239,0.8305647840531561,0.5161290322580645,0.9121338912133892,1.0498338870431894,0.9501661129568106,0.0,0.04983388704318937,0.5375763749006028,False
MI,MI,M2,ST-MEM,D1,PTB-XL,0.1,0.9,raw,299,297,40,259,0.8662207357859532,0.45,0.9305019305019305,1.0100334448160535,0.9899665551839465,0.0,0.010033444816053512,0.5246423034367842,False
MI,MI,M2,ST-MEM,D1,PTB-XL,0.1,0.9,platt,299,297,40,259,0.8762541806020067,0.375,0.9536679536679536,1.0033444816053512,0.9966555183946488,0.0,0.0033444816053511705,0.5046530850414124,False
MI,MI,M2,ST-MEM,D1,PTB-XL,0.1,0.9,isotonic,299,297,40,259,0.903010033444816,0.35,0.9884169884169884,1.0501672240802675,0.9498327759197325,0.0,0.05016722408026756,0.5,False
MI,MI,M2,ST-MEM,D1,PTB-XL,0.1,0.9,temperature,299,297,40,259,0.8662207357859532,0.45,0.9305019305019305,1.0100334448160535,0.9899665551839465,0.0,0.010033444816053512,0.5100092612301157,False
MI,MI,M2,ST-MEM,D1,PTB-XL,0.2,0.8,raw,299,297,40,259,0.7357859531772575,0.275,0.806949806949807,0.8093645484949833,0.8093645484949833,0.19063545150501673,0.0,0.07088805313055499,False
MI,MI,M2,ST-MEM,D1,PTB-XL,0.2,0.8,platt,299,297,40,259,0.7892976588628763,0.0,0.9111969111969112,0.862876254180602,0.862876254180602,0.13712374581939799,0.0,0.22527190554435983,False
MI,MI,M2,ST-MEM,D1,PTB-XL,0.2,0.8,isotonic,299,297,40,259,0.8294314381270903,0.175,0.9305019305019305,0.9163879598662207,0.9163879598662207,0.08361204013377926,0.0,0.13043478260869565,False
MI,MI,M2,ST-MEM,D1,PTB-XL,0.2,0.8,temperature,299,297,40,259,0.7357859531772575,0.275,0.806949806949807,0.8093645484949833,0.8093645484949833,0.19063545150501673,0.0,0.2602921064744254,False
MI,MI,M2,ST-MEM,D5,MIMIC-IV-ECG,0.1,0.9,raw,301,298,62,239,0.9136212624584718,0.7258064516129032,0.9623430962343096,1.3156146179401993,0.6843853820598007,0.0,0.31561461794019935,0.9448838734344113,False
MI,MI,M2,ST-MEM,D5,MIMIC-IV-ECG,0.1,0.9,platt,301,298,62,239,0.9235880398671097,0.6290322580645161,1.0,1.2990033222591362,0.7009966777408638,0.0,0.29900332225913623,0.8087321713311424,False
MI,MI,M2,ST-MEM,D5,MIMIC-IV-ECG,0.1,0.9,isotonic,301,298,62,239,0.9069767441860465,0.6290322580645161,0.9790794979079498,1.2691029900332227,0.7308970099667774,0.0,0.2691029900332226,0.6923076923076923,False
MI,MI,M2,ST-MEM,D5,MIMIC-IV-ECG,0.1,0.9,temperature,301,298,62,239,0.9136212624584718,0.7258064516129032,0.9623430962343096,1.3156146179401993,0.6843853820598007,0.0,0.31561461794019935,0.7003227143246644,False
MI,MI,M2,ST-MEM,D5,MIMIC-IV-ECG,0.2,0.8,raw,301,298,62,239,0.8239202657807309,0.5483870967741935,0.895397489539749,1.0664451827242525,0.9335548172757475,0.0,0.0664451827242525,0.6415269653992988,False
MI,MI,M2,ST-MEM,D5,MIMIC-IV-ECG,0.2,0.8,platt,301,298,62,239,0.813953488372093,0.3064516129032258,0.9456066945606695,1.0199335548172757,0.9800664451827242,0.0,0.019933554817275746,0.5386907008907887,False
MI,MI,M2,ST-MEM,D5,MIMIC-IV-ECG,0.2,0.8,isotonic,301,298,62,239,0.8205980066445183,0.27419354838709675,0.9623430962343096,1.0199335548172757,0.9800664451827242,0.0,0.019933554817275746,0.5,False
MI,MI,M2,ST-MEM,D5,MIMIC-IV-ECG,0.2,0.8,temperature,301,298,62,239,0.8239202657807309,0.5483870967741935,0.895397489539749,1.0664451827242525,0.9335548172757475,0.0,0.0664451827242525,0.5433537595004364,False
MI,MI,M3,HuBERT-ECG,D1,PTB-XL,0.1,0.9,raw,299,297,40,259,0.9063545150501672,0.575,0.9575289575289575,1.1304347826086956,0.8695652173913043,0.0,0.13043478260869565,0.8087438247660794,False
MI,MI,M3,HuBERT-ECG,D1,PTB-XL,0.1,0.9,platt,299,297,40,259,0.8929765886287625,0.375,0.972972972972973,1.0367892976588629,0.9632107023411371,0.0,0.03678929765886288,0.570144805027808,False
MI,MI,M3,HuBERT-ECG,D1,PTB-XL,0.1,0.9,isotonic,299,297,40,259,0.8862876254180602,0.275,0.9806949806949807,1.0267558528428093,0.9732441471571907,0.0,0.026755852842809364,0.6666666666666666,False
MI,MI,M3,HuBERT-ECG,D1,PTB-XL,0.1,0.9,temperature,299,297,40,259,0.9063545150501672,0.575,0.9575289575289575,1.1304347826086956,0.8695652173913043,0.0,0.13043478260869565,0.6382700181640322,False
MI,MI,M3,HuBERT-ECG,D1,PTB-XL,0.2,0.8,raw,299,297,40,259,0.842809364548495,0.425,0.9073359073359073,0.979933110367893,0.979933110367893,0.020066889632107024,0.0,0.43105340281484533,False
MI,MI,M3,HuBERT-ECG,D1,PTB-XL,0.2,0.8,platt,299,297,40,259,0.822742474916388,0.025,0.9459459459459459,0.9063545150501672,0.9063545150501672,0.09364548494983277,0.0,0.40163087518259244,False
MI,MI,M3,HuBERT-ECG,D1,PTB-XL,0.2,0.8,isotonic,299,297,40,259,0.8561872909698997,0.15,0.9652509652509652,0.959866220735786,0.959866220735786,0.04013377926421405,0.0,0.26,False
MI,MI,M3,HuBERT-ECG,D1,PTB-XL,0.2,0.8,temperature,299,297,40,259,0.842809364548495,0.425,0.9073359073359073,0.979933110367893,0.979933110367893,0.020066889632107024,0.0,0.4726992545419538,False
MI,MI,M3,HuBERT-ECG,D5,MIMIC-IV-ECG,0.1,0.9,raw,301,298,62,239,0.9102990033222591,0.7419354838709677,0.9539748953974896,1.3521594684385383,0.6478405315614618,0.0,0.3521594684385382,0.9367330691665849,False
MI,MI,M3,HuBERT-ECG,D5,MIMIC-IV-ECG,0.1,0.9,platt,301,298,62,239,0.9169435215946844,0.5967741935483871,1.0,1.3355481727574752,0.6644518272425249,0.0,0.33554817275747506,0.8191628965201541,False
MI,MI,M3,HuBERT-ECG,D5,MIMIC-IV-ECG,0.1,0.9,isotonic,301,298,62,239,0.920265780730897,0.6451612903225806,0.9916317991631799,1.345514950166113,0.654485049833887,0.0,0.34551495016611294,0.6875,False
MI,MI,M3,HuBERT-ECG,D5,MIMIC-IV-ECG,0.1,0.9,temperature,301,298,62,239,0.9102990033222591,0.7419354838709677,0.9539748953974896,1.3521594684385383,0.6478405315614618,0.0,0.3521594684385382,0.71714829425451,False
MI,MI,M3,HuBERT-ECG,D5,MIMIC-IV-ECG,0.2,0.8,raw,301,298,62,239,0.7940199335548173,0.4838709677419355,0.8744769874476988,1.0498338870431894,0.9501661129568106,0.0,0.04983388704318937,0.5835844603111352,False
MI,MI,M3,HuBERT-ECG,D5,MIMIC-IV-ECG,0.2,0.8,platt,301,298,62,239,0.7906976744186046,0.24193548387096775,0.9330543933054394,1.0498338870431894,0.9501661129568106,0.0,0.04983388704318937,0.5416470173825383,False
MI,MI,M3,HuBERT-ECG,D5,MIMIC-IV-ECG,0.2,0.8,isotonic,301,298,62,239,0.7973421926910299,0.16129032258064516,0.9623430962343096,1.043189368770764,0.9568106312292359,0.0,0.04318936877076412,0.5333333333333333,False
MI,MI,M3,HuBERT-ECG,D5,MIMIC-IV-ECG,0.2,0.8,temperature,301,298,62,239,0.7940199335548173,0.4838709677419355,0.8744769874476988,1.0498338870431894,0.9501661129568106,0.0,0.04983388704318937,0.5290948739940442,False
MI,MI,M4,ECGFM-KED,D1,PTB-XL,0.1,0.9,raw,299,297,40,259,0.9096989966555183,0.6,0.9575289575289575,1.193979933110368,0.8060200668896321,0.0,0.1939799331103679,0.7510692588193859,False
MI,MI,M4,ECGFM-KED,D1,PTB-XL,0.1,0.9,platt,299,297,40,259,0.9096989966555183,0.325,1.0,1.120401337792642,0.8795986622073578,0.0,0.12040133779264214,0.7582054772236929,False
MI,MI,M4,ECGFM-KED,D1,PTB-XL,0.1,0.9,isotonic,299,297,40,259,0.9096989966555183,0.325,1.0,1.1270903010033444,0.8729096989966555,0.0,0.12709030100334448,0.5853658536585367,False
MI,MI,M4,ECGFM-KED,D1,PTB-XL,0.1,0.9,temperature,299,297,40,259,0.9096989966555183,0.6,0.9575289575289575,1.193979933110368,0.8060200668896321,0.0,0.1939799331103679,0.664689377732503,False
MI,MI,M4,ECGFM-KED,D1,PTB-XL,0.2,0.8,raw,299,297,40,259,0.822742474916388,0.3,0.9034749034749034,0.9665551839464883,0.9665551839464883,0.033444816053511704,0.0,0.447608481778191,False
MI,MI,M4,ECGFM-KED,D1,PTB-XL,0.2,0.8,platt,299,297,40,259,0.822742474916388,0.0,0.9498069498069498,0.9264214046822743,0.9264214046822743,0.07357859531772576,0.0,0.33322475320050204,False
MI,MI,M4,ECGFM-KED,D1,PTB-XL,0.2,0.8,isotonic,299,297,40,259,0.8662207357859532,0.0,1.0,1.0,1.0,0.0,0.0,0.4146341463414634,False
MI,MI,M4,ECGFM-KED,D1,PTB-XL,0.2,0.8,temperature,299,297,40,259,0.822742474916388,0.3,0.9034749034749034,0.9665551839464883,0.9665551839464883,0.033444816053511704,0.0,0.4674635275431886,False
MI,MI,M4,ECGFM-KED,D5,MIMIC-IV-ECG,0.1,0.9,raw,301,298,62,239,0.9401993355481728,0.7419354838709677,0.9916317991631799,1.3388704318936877,0.6611295681063123,0.0,0.3388704318936877,0.7557200947895236,False
MI,MI,M4,ECGFM-KED,D5,MIMIC-IV-ECG,0.1,0.9,platt,301,298,62,239,0.946843853820598,0.7419354838709677,1.0,1.345514950166113,0.654485049833887,0.0,0.34551495016611294,0.7960769280131433,False
MI,MI,M4,ECGFM-KED,D5,MIMIC-IV-ECG,0.1,0.9,isotonic,301,298,62,239,0.946843853820598,0.7741935483870968,0.9916317991631799,1.3820598006644518,0.6179401993355482,0.0,0.38205980066445183,0.7592592592592593,False
MI,MI,M4,ECGFM-KED,D5,MIMIC-IV-ECG,0.1,0.9,temperature,301,298,62,239,0.9401993355481728,0.7419354838709677,0.9916317991631799,1.3388704318936877,0.6611295681063123,0.0,0.3388704318936877,0.658114548903761,False
MI,MI,M4,ECGFM-KED,D5,MIMIC-IV-ECG,0.2,0.8,raw,301,298,62,239,0.7940199335548173,0.2903225806451613,0.9246861924686193,1.0199335548172757,0.9800664451827242,0.0,0.019933554817275746,0.5254425239074391,False
MI,MI,M4,ECGFM-KED,D5,MIMIC-IV-ECG,0.2,0.8,platt,301,298,62,239,0.7807308970099668,0.12903225806451613,0.9497907949790795,0.9767441860465116,0.9767441860465116,0.023255813953488372,0.0,0.47805222843724043,False
MI,MI,M4,ECGFM-KED,D5,MIMIC-IV-ECG,0.2,0.8,isotonic,301,298,62,239,0.7873754152823921,0.16129032258064516,0.9497907949790795,1.0,1.0,0.0,0.0,0.4545454545454546,False
MI,MI,M4,ECGFM-KED,D5,MIMIC-IV-ECG,0.2,0.8,temperature,301,298,62,239,0.7940199335548173,0.2903225806451613,0.9246861924686193,1.0199335548172757,0.9800664451827242,0.0,0.019933554817275746,0.5147623455629622,False
MI,MI,M5,ECG-FM,D1,PTB-XL,0.1,0.9,raw,299,297,40,259,0.9163879598662207,0.675,0.9536679536679536,1.1471571906354514,0.8528428093645485,0.0,0.14715719063545152,0.696791665317262,False
MI,MI,M5,ECG-FM,D1,PTB-XL,0.1,0.9,platt,299,297,40,259,0.8896321070234113,0.325,0.9768339768339769,1.0434782608695652,0.9565217391304348,0.0,0.043478260869565216,0.5801950114450726,False
MI,MI,M5,ECG-FM,D1,PTB-XL,0.1,0.9,isotonic,299,297,40,259,0.8896321070234113,0.325,0.9768339768339769,1.040133779264214,0.959866220735786,0.0,0.04013377926421405,0.6,False
MI,MI,M5,ECG-FM,D1,PTB-XL,0.1,0.9,temperature,299,297,40,259,0.9163879598662207,0.675,0.9536679536679536,1.1471571906354514,0.8528428093645485,0.0,0.14715719063545152,0.6200181246740148,False
MI,MI,M5,ECG-FM,D1,PTB-XL,0.2,0.8,raw,299,297,40,259,0.7993311036789298,0.35,0.8687258687258688,0.8963210702341137,0.8963210702341137,0.10367892976588629,0.0,0.35090445905953405,False
MI,MI,M5,ECG-FM,D1,PTB-XL,0.2,0.8,platt,299,297,40,259,0.8193979933110368,0.05,0.9382239382239382,0.903010033444816,0.903010033444816,0.09698996655518395,0.0,0.3202175316241759,False
MI,MI,M5,ECG-FM,D1,PTB-XL,0.2,0.8,isotonic,299,297,40,259,0.822742474916388,0.025,0.9459459459459459,0.919732441471572,0.919732441471572,0.0802675585284281,0.0,0.20588235294117646,False
MI,MI,M5,ECG-FM,D1,PTB-XL,0.2,0.8,temperature,299,297,40,259,0.7993311036789298,0.35,0.8687258687258688,0.8963210702341137,0.8963210702341137,0.10367892976588629,0.0,0.4104918698254475,False
MI,MI,M5,ECG-FM,D5,MIMIC-IV-ECG,0.1,0.9,raw,301,298,62,239,0.8837209302325582,0.6129032258064516,0.9539748953974896,1.2325581395348837,0.7674418604651163,0.0,0.23255813953488372,0.7843725803780561,False
MI,MI,M5,ECG-FM,D5,MIMIC-IV-ECG,0.1,0.9,platt,301,298,62,239,0.9102990033222591,0.5645161290322581,1.0,1.2724252491694352,0.7275747508305648,0.0,0.2724252491694352,0.755740573150701,False
MI,MI,M5,ECG-FM,D5,MIMIC-IV-ECG,0.1,0.9,isotonic,301,298,62,239,0.8870431893687708,0.6129032258064516,0.9581589958158996,1.239202657807309,0.760797342192691,0.0,0.23920265780730898,0.6799999999999999,False
MI,MI,M5,ECG-FM,D5,MIMIC-IV-ECG,0.1,0.9,temperature,301,298,62,239,0.8837209302325582,0.6129032258064516,0.9539748953974896,1.2325581395348837,0.7674418604651163,0.0,0.23255813953488372,0.6812256279913815,False
MI,MI,M5,ECG-FM,D5,MIMIC-IV-ECG,0.2,0.8,raw,301,298,62,239,0.8106312292358804,0.532258064516129,0.8828451882845189,1.06312292358804,0.9368770764119602,0.0,0.06312292358803986,0.5853316121100338,False
MI,MI,M5,ECG-FM,D5,MIMIC-IV-ECG,0.2,0.8,platt,301,298,62,239,0.8205980066445183,0.3548387096774194,0.9414225941422594,1.0465116279069768,0.9534883720930233,0.0,0.046511627906976744,0.5333699977538867,False
MI,MI,M5,ECG-FM,D5,MIMIC-IV-ECG,0.2,0.8,isotonic,301,298,62,239,0.8039867109634552,0.20967741935483872,0.9581589958158996,1.0,1.0,0.0,0.0,0.3709677419354839,False
MI,MI,M5,ECG-FM,D5,MIMIC-IV-ECG,0.2,0.8,temperature,301,298,62,239,0.8106312292358804,0.532258064516129,0.8828451882845189,1.06312292358804,0.9368770764119602,0.0,0.06312292358803986,0.5505051070106133,False
MI,MI,M6,S4D,D1,PTB-XL,0.1,0.9,raw,299,297,40,259,0.9364548494983278,0.525,1.0,1.1438127090301002,0.8561872909698997,0.0,0.14381270903010032,0.7012295953169951,False
MI,MI,M6,S4D,D1,PTB-XL,0.1,0.9,platt,299,297,40,259,0.9264214046822743,0.45,1.0,1.137123745819398,0.862876254180602,0.0,0.13712374581939799,0.7846081058944947,False
MI,MI,M6,S4D,D1,PTB-XL,0.1,0.9,isotonic,299,297,40,259,0.9565217391304348,0.675,1.0,1.31438127090301,0.68561872909699,0.0,0.31438127090301005,0.6721311475409837,False
MI,MI,M6,S4D,D1,PTB-XL,0.1,0.9,temperature,299,297,40,259,0.9364548494983278,0.525,1.0,1.1438127090301002,0.8561872909698997,0.0,0.14381270903010032,0.7198371045073744,False
MI,MI,M6,S4D,D1,PTB-XL,0.2,0.8,raw,299,297,40,259,0.802675585284281,0.1,0.9111969111969112,0.882943143812709,0.882943143812709,0.11705685618729098,0.0,0.3338939898569103,False
MI,MI,M6,S4D,D1,PTB-XL,0.2,0.8,platt,299,297,40,259,0.8294314381270903,0.1,0.9420849420849421,0.919732441471572,0.919732441471572,0.0802675585284281,0.0,0.281178901917559,False
MI,MI,M6,S4D,D1,PTB-XL,0.2,0.8,isotonic,299,297,40,259,0.8461538461538461,0.0,0.9768339768339769,0.959866220735786,0.959866220735786,0.04013377926421405,0.0,0.32786885245901637,False
MI,MI,M6,S4D,D1,PTB-XL,0.2,0.8,temperature,299,297,40,259,0.802675585284281,0.1,0.9111969111969112,0.882943143812709,0.882943143812709,0.11705685618729098,0.0,0.3178046464070179,False
MI,MI,M6,S4D,D5,MIMIC-IV-ECG,0.1,0.9,raw,301,298,62,239,0.9102990033222591,0.5645161290322581,1.0,1.282392026578073,0.717607973421927,0.0,0.2823920265780731,0.7251806934594064,False
MI,MI,M6,S4D,D5,MIMIC-IV-ECG,0.1,0.9,platt,301,298,62,239,0.9102990033222591,0.5645161290322581,1.0,1.2857142857142858,0.7142857142857143,0.0,0.2857142857142857,0.7593131163061801,False
MI,MI,M6,S4D,D5,MIMIC-IV-ECG,0.1,0.9,isotonic,301,298,62,239,0.9169435215946844,0.5967741935483871,1.0,1.2956810631229236,0.7043189368770764,0.0,0.2956810631229236,0.6666666666666667,False
MI,MI,M6,S4D,D5,MIMIC-IV-ECG,0.1,0.9,temperature,301,298,62,239,0.9102990033222591,0.5645161290322581,1.0,1.282392026578073,0.717607973421927,0.0,0.2823920265780731,0.6987201263365099,False
MI,MI,M6,S4D,D5,MIMIC-IV-ECG,0.2,0.8,raw,301,298,62,239,0.840531561461794,0.27419354838709675,0.9874476987447699,1.0730897009966778,0.9269102990033222,0.0,0.07308970099667775,0.5717990370270725,False
MI,MI,M6,S4D,D5,MIMIC-IV-ECG,0.2,0.8,platt,301,298,62,239,0.8305647840531561,0.20967741935483872,0.9916317991631799,1.0465116279069768,0.9534883720930233,0.0,0.046511627906976744,0.5689665512950217,False
MI,MI,M6,S4D,D5,MIMIC-IV-ECG,0.2,0.8,isotonic,301,298,62,239,0.8870431893687708,0.45161290322580644,1.0,1.1993355481727574,0.8006644518272426,0.0,0.19933554817275748,0.5555555555555556,False
MI,MI,M6,S4D,D5,MIMIC-IV-ECG,0.2,0.8,temperature,301,298,62,239,0.840531561461794,0.27419354838709675,0.9874476987447699,1.0730897009966778,0.9269102990033222,0.0,0.07308970099667775,0.5623533291740812,False
AF,AF,M1,MERL,D3,CODE-15%,0.1,0.9,raw,1197,1200,17,1180,0.9081035923141186,0.0,0.9211864406779661,0.9156223893065998,0.9156223893065998,0.08437761069340016,0.0,0.0427888391013766,False
AF,AF,M1,MERL,D3,CODE-15%,0.1,0.9,platt,1197,1200,17,1180,0.910609857978279,0.0,0.923728813559322,0.9172932330827067,0.9172932330827067,0.08270676691729323,0.0,0.01648567194144472,False
AF,AF,M1,MERL,D3,CODE-15%,0.1,0.9,isotonic,1197,1200,17,1180,0.9406850459482038,0.0,0.9542372881355933,0.9473684210526315,0.9473684210526315,0.05263157894736842,0.0,0.02586206896551724,False
AF,AF,M1,MERL,D3,CODE-15%,0.1,0.9,temperature,1197,1200,17,1180,0.9081035923141186,0.0,0.9211864406779661,0.9156223893065998,0.9156223893065998,0.08437761069340016,0.0,0.08719847835166426,False
AF,AF,M1,MERL,D3,CODE-15%,0.2,0.8,raw,1197,1200,17,1180,0.8128654970760234,0.0,0.8245762711864407,0.8170426065162907,0.8170426065162907,0.18295739348370926,0.0,0.013933560283185273,False
AF,AF,M1,MERL,D3,CODE-15%,0.2,0.8,platt,1197,1200,17,1180,0.8145363408521303,0.0,0.826271186440678,0.8187134502923976,0.8187134502923976,0.18128654970760233,0.0,0.013891333082993939,False
AF,AF,M1,MERL,D3,CODE-15%,0.2,0.8,isotonic,1197,1200,17,1180,0.8412698412698413,0.0,0.8533898305084746,0.8462823725981621,0.8462823725981621,0.15371762740183792,0.0,0.007339449541284404,False
AF,AF,M1,MERL,D3,CODE-15%,0.2,0.8,temperature,1197,1200,17,1180,0.8128654970760234,0.0,0.8245762711864407,0.8170426065162907,0.8170426065162907,0.18295739348370926,0.0,0.03847239606717753,False
AF,AF,M1,MERL,D4,CPSC2018,0.1,0.9,raw,1031,1031,161,870,0.903976721629486,0.7515527950310559,0.9321839080459771,0.9398642095053347,0.9398642095053347,0.06013579049466537,0.0,0.24747260963806403,False
AF,AF,M1,MERL,D4,CPSC2018,0.1,0.9,platt,1031,1031,161,870,0.8971871968962173,0.6770186335403726,0.9379310344827586,0.930164888457808,0.930164888457808,0.06983511154219205,0.0,0.1525962818461435,False
AF,AF,M1,MERL,D4,CPSC2018,0.1,0.9,isotonic,1031,1031,161,870,0.915615906886518,0.6956521739130435,0.9563218390804598,0.95635305528613,0.95635305528613,0.04364694471387003,0.0,0.3333333333333333,False
AF,AF,M1,MERL,D4,CPSC2018,0.1,0.9,temperature,1031,1031,161,870,0.903976721629486,0.7515527950310559,0.9321839080459771,0.9398642095053347,0.9398642095053347,0.06013579049466537,0.0,0.30602793484557983,False
AF,AF,M1,MERL,D4,CPSC2018,0.2,0.8,raw,1031,1031,161,870,0.7807953443258971,0.37267080745341613,0.8563218390804598,0.7943743937924346,0.7943743937924346,0.20562560620756548,0.0,0.050416912249588566,False
AF,AF,M1,MERL,D4,CPSC2018,0.2,0.8,platt,1031,1031,161,870,0.7982541222114452,0.2795031055900621,0.8942528735632184,0.8137730358874878,0.8137730358874878,0.18622696411251213,0.0,0.05455085426832795,False
AF,AF,M1,MERL,D4,CPSC2018,0.2,0.8,isotonic,1031,1031,161,870,0.8118331716779825,0.453416149068323,0.8781609195402299,0.8302618816682832,0.8302618816682832,0.1697381183317168,0.0,0.06896551724137931,False
AF,AF,M1,MERL,D4,CPSC2018,0.2,0.8,temperature,1031,1031,161,870,0.7807953443258971,0.37267080745341613,0.8563218390804598,0.7943743937924346,0.7943743937924346,0.20562560620756548,0.0,0.10328380160383237,False
AF,AF,M1,MERL,D5,MIMIC-IV-ECG,0.1,0.9,raw,301,298,40,261,0.9036544850498339,0.65,0.9425287356321839,1.0066445182724253,0.9933554817275747,0.0,0.006644518272425249,0.5312873291003831,False
AF,AF,M1,MERL,D5,MIMIC-IV-ECG,0.1,0.9,platt,301,298,40,261,0.8870431893687708,0.45,0.9540229885057471,0.9700996677740864,0.9700996677740864,0.029900332225913623,0.0,0.4216470863458399,False
AF,AF,M1,MERL,D5,MIMIC-IV-ECG,0.1,0.9,isotonic,301,298,40,261,0.8737541528239202,0.175,0.9808429118773946,1.0,1.0,0.0,0.0,0.4666666666666667,False
AF,AF,M1,MERL,D5,MIMIC-IV-ECG,0.1,0.9,temperature,301,298,40,261,0.9036544850498339,0.65,0.9425287356321839,1.0066445182724253,0.9933554817275747,0.0,0.006644518272425249,0.5148445537860219,False
AF,AF,M1,MERL,D5,MIMIC-IV-ECG,0.2,0.8,raw,301,298,40,261,0.7873754152823921,0.4,0.8467432950191571,0.8239202657807309,0.8239202657807309,0.1760797342192691,0.0,0.05335138932326888,False
AF,AF,M1,MERL,D5,MIMIC-IV-ECG,0.2,0.8,platt,301,298,40,261,0.760797342192691,0.0,0.8773946360153256,0.7873754152823921,0.7873754152823921,0.21262458471760798,0.0,0.04684522662074038,False
AF,AF,M1,MERL,D5,MIMIC-IV-ECG,0.2,0.8,isotonic,301,298,40,261,0.7774086378737541,0.175,0.8697318007662835,0.8172757475083057,0.8172757475083057,0.18272425249169436,0.0,0.1428571428571429,False
AF,AF,M1,MERL,D5,MIMIC-IV-ECG,0.2,0.8,temperature,301,298,40,261,0.7873754152823921,0.4,0.8467432950191571,0.8239202657807309,0.8239202657807309,0.1760797342192691,0.0,0.20372476917031918,False
AF,AF,M2,ST-MEM,D3,CODE-15%,0.1,0.9,raw,1197,1200,17,1180,0.898078529657477,0.0,0.9110169491525424,0.8989139515455304,0.8989139515455304,0.1010860484544695,0.0,9.389171439478425e-05,False
AF,AF,M2,ST-MEM,D3,CODE-15%,0.1,0.9,platt,1197,1200,17,1180,0.898078529657477,0.0,0.9110169491525424,0.8989139515455304,0.8989139515455304,0.1010860484544695,0.0,0.00309528032640628,False
AF,AF,M2,ST-MEM,D3,CODE-15%,0.1,0.9,isotonic,1197,1200,17,1180,0.9665831244778613,0.17647058823529413,0.9779661016949153,0.9674185463659147,0.9674185463659147,0.03258145363408521,0.0,0.0,False
AF,AF,M2,ST-MEM,D3,CODE-15%,0.1,0.9,temperature,1197,1200,17,1180,0.898078529657477,0.0,0.9110169491525424,0.8989139515455304,0.8989139515455304,0.1010860484544695,0.0,0.0065067673619285124,False
AF,AF,M2,ST-MEM,D3,CODE-15%,0.2,0.8,raw,1197,1200,17,1180,0.7969924812030075,0.0,0.8084745762711865,0.797827903091061,0.797827903091061,0.202172096908939,0.0,4.367112210843e-06,False
AF,AF,M2,ST-MEM,D3,CODE-15%,0.2,0.8,platt,1197,1200,17,1180,0.797827903091061,0.0,0.809322033898305,0.7986633249791144,0.7986633249791144,0.20133667502088554,0.0,0.0030930655860143355,False
AF,AF,M2,ST-MEM,D3,CODE-15%,0.2,0.8,isotonic,1197,1200,17,1180,0.9665831244778613,0.17647058823529413,0.9779661016949153,0.9674185463659147,0.9674185463659147,0.03258145363408521,0.0,0.0,False
AF,AF,M2,ST-MEM,D3,CODE-15%,0.2,0.8,temperature,1197,1200,17,1180,0.7969924812030075,0.0,0.8084745762711865,0.797827903091061,0.797827903091061,0.202172096908939,0.0,0.0012391846212274976,False
AF,AF,M2,ST-MEM,D4,CPSC2018,0.1,0.9,raw,1031,1031,161,870,0.8913676042677012,0.7453416149068323,0.9183908045977012,0.9049466537342385,0.9049466537342385,0.0950533462657614,0.0,0.005237025548576524,False
AF,AF,M2,ST-MEM,D4,CPSC2018,0.1,0.9,platt,1031,1031,161,870,0.8991270611057226,0.515527950310559,0.9701149425287356,0.9127061105722599,0.9127061105722599,0.08729388942774007,0.0,0.043981478172146704,False
AF,AF,M2,ST-MEM,D4,CPSC2018,0.1,0.9,isotonic,1031,1031,161,870,0.9059165858389913,0.8074534161490683,0.9241379310344827,0.9204655674102813,0.9204655674102813,0.07953443258971872,0.0,0.06666666666666665,False
AF,AF,M2,ST-MEM,D4,CPSC2018,0.1,0.9,temperature,1031,1031,161,870,0.8913676042677012,0.7453416149068323,0.9183908045977012,0.9049466537342385,0.9049466537342385,0.0950533462657614,0.0,0.09881647204590194,False
AF,AF,M2,ST-MEM,D4,CPSC2018,0.2,0.8,raw,1031,1031,161,870,0.7982541222114452,0.5838509316770186,0.8379310344827586,0.8060135790494666,0.8060135790494666,0.19398642095053345,0.0,0.000408978100576047,False
AF,AF,M2,ST-MEM,D4,CPSC2018,0.2,0.8,platt,1031,1031,161,870,0.8254122211445198,0.043478260869565216,0.9701149425287356,0.8360814742967992,0.8360814742967992,0.16391852570320078,0.0,0.043919067480077234,False
AF,AF,M2,ST-MEM,D4,CPSC2018,0.2,0.8,isotonic,1031,1031,161,870,0.8312318137730359,0.43478260869565216,0.9045977011494253,0.8389912706110573,0.8389912706110573,0.16100872938894278,0.0,0.03636363636363636,False
AF,AF,M2,ST-MEM,D4,CPSC2018,0.2,0.8,temperature,1031,1031,161,870,0.7982541222114452,0.5838509316770186,0.8379310344827586,0.8060135790494666,0.8060135790494666,0.19398642095053345,0.0,0.0360292607093096,False
AF,AF,M2,ST-MEM,D5,MIMIC-IV-ECG,0.1,0.9,raw,301,298,40,261,0.9003322259136213,0.6,0.946360153256705,0.9269102990033222,0.9269102990033222,0.07308970099667775,0.0,0.08801105043066415,False
AF,AF,M2,ST-MEM,D5,MIMIC-IV-ECG,0.1,0.9,platt,301,298,40,261,0.8870431893687708,0.275,0.9808429118773946,0.9269102990033222,0.9269102990033222,0.07308970099667775,0.0,0.18296707571863358,False
AF,AF,M2,ST-MEM,D5,MIMIC-IV-ECG,0.1,0.9,isotonic,301,298,40,261,0.946843853820598,0.65,0.9923371647509579,0.9933554817275747,0.9933554817275747,0.006644518272425249,0.0,0.19047619047619047,False
AF,AF,M2,ST-MEM,D5,MIMIC-IV-ECG,0.1,0.9,temperature,301,298,40,261,0.9003322259136213,0.6,0.946360153256705,0.9269102990033222,0.9269102990033222,0.07308970099667775,0.0,0.2696551535130378,False
AF,AF,M2,ST-MEM,D5,MIMIC-IV-ECG,0.2,0.8,raw,301,298,40,261,0.7940199335548173,0.375,0.8582375478927203,0.8006644518272426,0.8006644518272426,0.19933554817275748,0.0,0.0038238385166410485,False
AF,AF,M2,ST-MEM,D5,MIMIC-IV-ECG,0.2,0.8,platt,301,298,40,261,0.770764119601329,0.0,0.8888888888888888,0.7873754152823921,0.7873754152823921,0.21262458471760798,0.0,0.014254073761018907,False
AF,AF,M2,ST-MEM,D5,MIMIC-IV-ECG,0.2,0.8,isotonic,301,298,40,261,0.7973421926910299,0.05,0.9118773946360154,0.8172757475083057,0.8172757475083057,0.18272425249169436,0.0,0.044444444444444446,False
AF,AF,M2,ST-MEM,D5,MIMIC-IV-ECG,0.2,0.8,temperature,301,298,40,261,0.7940199335548173,0.375,0.8582375478927203,0.8006644518272426,0.8006644518272426,0.19933554817275748,0.0,0.08545434935066246,False
AF,AF,M3,HuBERT-ECG,D3,CODE-15%,0.1,0.9,raw,1197,1200,17,1180,0.8947368421052632,0.0,0.9076271186440678,0.9022556390977443,0.9022556390977443,0.09774436090225563,0.0,0.016190635629240214,False
AF,AF,M3,HuBERT-ECG,D3,CODE-15%,0.1,0.9,platt,1197,1200,17,1180,0.898078529657477,0.0,0.9110169491525424,0.9039264828738512,0.9039264828738512,0.0960735171261487,0.0,0.014472346852970563,False
AF,AF,M3,HuBERT-ECG,D3,CODE-15%,0.1,0.9,isotonic,1197,1200,17,1180,0.8947368421052632,0.0,0.9076271186440678,0.9014202172096909,0.9014202172096909,0.0985797827903091,0.0,0.029197080291970802,False
AF,AF,M3,HuBERT-ECG,D3,CODE-15%,0.1,0.9,temperature,1197,1200,17,1180,0.8947368421052632,0.0,0.9076271186440678,0.9022556390977443,0.9022556390977443,0.09774436090225563,0.0,0.08152161720732268,False
AF,AF,M3,HuBERT-ECG,D3,CODE-15%,0.2,0.8,raw,1197,1200,17,1180,0.8070175438596491,0.0,0.8186440677966101,0.8120300751879699,0.8120300751879699,0.18796992481203006,0.0,0.001962460715927304,False
AF,AF,M3,HuBERT-ECG,D3,CODE-15%,0.2,0.8,platt,1197,1200,17,1180,0.8128654970760234,0.0,0.8245762711864407,0.8170426065162907,0.8170426065162907,0.18295739348370926,0.0,0.013358523625446914,False
AF,AF,M3,HuBERT-ECG,D3,CODE-15%,0.2,0.8,isotonic,1197,1200,17,1180,0.8947368421052632,0.0,0.9076271186440678,0.9014202172096909,0.9014202172096909,0.0985797827903091,0.0,0.029197080291970802,False
AF,AF,M3,HuBERT-ECG,D3,CODE-15%,0.2,0.8,temperature,1197,1200,17,1180,0.8070175438596491,0.0,0.8186440677966101,0.8120300751879699,0.8120300751879699,0.18796992481203006,0.0,0.024729983088630305,False
AF,AF,M3,HuBERT-ECG,D4,CPSC2018,0.1,0.9,raw,1031,1031,161,870,0.9010669253152279,0.7204968944099379,0.9344827586206896,0.965082444228904,0.965082444228904,0.03491755577109602,0.0,0.3613570802837137,False
AF,AF,M3,HuBERT-ECG,D4,CPSC2018,0.1,0.9,platt,1031,1031,161,870,0.9000969932104753,0.6956521739130435,0.9379310344827586,0.9631425800193987,0.9631425800193987,0.03685741998060136,0.0,0.30208140237578435,False
AF,AF,M3,HuBERT-ECG,D4,CPSC2018,0.1,0.9,isotonic,1031,1031,161,870,0.9088263821532493,0.6956521739130435,0.9482758620689655,0.973811833171678,0.973811833171678,0.026188166828322017,0.0,0.4,False
AF,AF,M3,HuBERT-ECG,D4,CPSC2018,0.1,0.9,temperature,1031,1031,161,870,0.9010669253152279,0.7204968944099379,0.9344827586206896,0.965082444228904,0.965082444228904,0.03491755577109602,0.0,0.43509478942991864,False
AF,AF,M3,HuBERT-ECG,D4,CPSC2018,0.2,0.8,raw,1031,1031,161,870,0.8069835111542192,0.5031055900621118,0.8632183908045977,0.8380213385063046,0.8380213385063046,0.16197866149369544,0.0,0.05804311429160471,False
AF,AF,M3,HuBERT-ECG,D4,CPSC2018,0.2,0.8,platt,1031,1031,161,870,0.8021338506304558,0.2919254658385093,0.896551724137931,0.8302618816682832,0.8302618816682832,0.1697381183317168,0.0,0.0927307696913523,False
AF,AF,M3,HuBERT-ECG,D4,CPSC2018,0.2,0.8,isotonic,1031,1031,161,870,0.8283220174587779,0.5093167701863354,0.8873563218390804,0.8632395732298739,0.8632395732298739,0.1367604267701261,0.0,0.17307692307692313,False
AF,AF,M3,HuBERT-ECG,D4,CPSC2018,0.2,0.8,temperature,1031,1031,161,870,0.8069835111542192,0.5031055900621118,0.8632183908045977,0.8380213385063046,0.8380213385063046,0.16197866149369544,0.0,0.2179459529857441,False
AF,AF,M3,HuBERT-ECG,D5,MIMIC-IV-ECG,0.1,0.9,raw,301,298,40,261,0.8870431893687708,0.4,0.9616858237547893,1.0033222591362125,0.9966777408637874,0.0,0.0033222591362126247,0.5062585416165756,False
AF,AF,M3,HuBERT-ECG,D5,MIMIC-IV-ECG,0.1,0.9,platt,301,298,40,261,0.8837209302325582,0.225,0.9846743295019157,0.9833887043189369,0.9833887043189369,0.016611295681063124,0.0,0.43501722433881806,False
AF,AF,M3,HuBERT-ECG,D5,MIMIC-IV-ECG,0.1,0.9,isotonic,301,298,40,261,0.893687707641196,0.3,0.9846743295019157,1.0,1.0,0.0,0.0,0.46153846153846156,False
AF,AF,M3,HuBERT-ECG,D5,MIMIC-IV-ECG,0.1,0.9,temperature,301,298,40,261,0.8870431893687708,0.4,0.9616858237547893,1.0033222591362125,0.9966777408637874,0.0,0.0033222591362126247,0.5031007221637379,False
AF,AF,M3,HuBERT-ECG,D5,MIMIC-IV-ECG,0.2,0.8,raw,301,298,40,261,0.8073089700996677,0.225,0.896551724137931,0.8770764119601329,0.8770764119601329,0.12292358803986711,0.0,0.1558068813380788,False
AF,AF,M3,HuBERT-ECG,D5,MIMIC-IV-ECG,0.2,0.8,platt,301,298,40,261,0.7973421926910299,0.0,0.9195402298850575,0.867109634551495,0.867109634551495,0.132890365448505,0.0,0.10627895661981172,False
AF,AF,M3,HuBERT-ECG,D5,MIMIC-IV-ECG,0.2,0.8,isotonic,301,298,40,261,0.7940199335548173,0.075,0.9042145593869731,0.8604651162790697,0.8604651162790697,0.13953488372093023,0.0,0.09090909090909091,False
AF,AF,M3,HuBERT-ECG,D5,MIMIC-IV-ECG,0.2,0.8,temperature,301,298,40,261,0.8073089700996677,0.225,0.896551724137931,0.8770764119601329,0.8770764119601329,0.12292358803986711,0.0,0.30213725178776707,False
AF,AF,M4,ECGFM-KED,D4,CPSC2018,0.1,0.9,raw,1031,1031,161,870,0.9146459747817652,0.546583850931677,0.9827586206896551,1.1134820562560621,0.8865179437439379,0.0,0.11348205625606207,0.6839910821482619,False
AF,AF,M4,ECGFM-KED,D4,CPSC2018,0.1,0.9,platt,1031,1031,161,870,0.9146459747817652,0.546583850931677,0.9827586206896551,1.1134820562560621,0.8865179437439379,0.0,0.11348205625606207,0.7342454270750827,False
AF,AF,M4,ECGFM-KED,D4,CPSC2018,0.1,0.9,isotonic,1031,1031,161,870,0.9165858389912707,0.5838509316770186,0.9781609195402299,1.1280310378273521,0.871968962172648,0.0,0.1280310378273521,0.6575342465753424,False
AF,AF,M4,ECGFM-KED,D4,CPSC2018,0.1,0.9,temperature,1031,1031,161,870,0.9146459747817652,0.546583850931677,0.9827586206896551,1.1134820562560621,0.8865179437439379,0.0,0.11348205625606207,0.6654808179263205,False
AF,AF,M4,ECGFM-KED,D4,CPSC2018,0.2,0.8,raw,1031,1031,161,870,0.8322017458777885,0.3105590062111801,0.9287356321839081,0.9359844810863239,0.9359844810863239,0.06401551891367604,0.0,0.39773225628373615,False
AF,AF,M4,ECGFM-KED,D4,CPSC2018,0.2,0.8,platt,1031,1031,161,870,0.8312318137730359,0.3105590062111801,0.9275862068965517,0.9350145489815713,0.9350145489815713,0.06498545101842872,0.0,0.3590808596126899,False
AF,AF,M4,ECGFM-KED,D4,CPSC2018,0.2,0.8,isotonic,1031,1031,161,870,0.8302618816682832,0.3167701863354037,0.9252873563218391,0.9350145489815713,0.9350145489815713,0.06498545101842872,0.0,0.3529411764705882,False
AF,AF,M4,ECGFM-KED,D4,CPSC2018,0.2,0.8,temperature,1031,1031,161,870,0.8322017458777885,0.3105590062111801,0.9287356321839081,0.9359844810863239,0.9359844810863239,0.06401551891367604,0.0,0.4086392859594888,False
AF,AF,M4,ECGFM-KED,D5,MIMIC-IV-ECG,0.1,0.9,raw,301,298,40,261,0.8471760797342193,0.025,0.9731800766283525,1.0166112956810631,0.9833887043189369,0.0,0.016611295681063124,0.541635545743476,False
AF,AF,M4,ECGFM-KED,D5,MIMIC-IV-ECG,0.1,0.9,platt,301,298,40,261,0.8637873754152824,0.025,0.9923371647509579,1.0166112956810631,0.9833887043189369,0.0,0.016611295681063124,0.6403216239674503,False
AF,AF,M4,ECGFM-KED,D5,MIMIC-IV-ECG,0.1,0.9,isotonic,301,298,40,261,0.8704318936877077,0.025,1.0,1.043189368770764,0.9568106312292359,0.0,0.04318936877076412,0.5,False
AF,AF,M4,ECGFM-KED,D5,MIMIC-IV-ECG,0.1,0.9,temperature,301,298,40,261,0.8471760797342193,0.025,0.9731800766283525,1.0166112956810631,0.9833887043189369,0.0,0.016611295681063124,0.5359029961372859,False
AF,AF,M4,ECGFM-KED,D5,MIMIC-IV-ECG,0.2,0.8,raw,301,298,40,261,0.770764119601329,0.0,0.8888888888888888,0.8770764119601329,0.8770764119601329,0.12292358803986711,0.0,0.23463535395302254,False
AF,AF,M4,ECGFM-KED,D5,MIMIC-IV-ECG,0.2,0.8,platt,301,298,40,261,0.770764119601329,0.0,0.8888888888888888,0.8604651162790697,0.8604651162790697,0.13953488372093023,0.0,0.12840648121997342,False
AF,AF,M4,ECGFM-KED,D5,MIMIC-IV-ECG,0.2,0.8,isotonic,301,298,40,261,0.8272425249169435,0.0,0.9540229885057471,0.9501661129568106,0.9501661129568106,0.04983388704318937,0.0,0.23684210526315788,False
AF,AF,M4,ECGFM-KED,D5,MIMIC-IV-ECG,0.2,0.8,temperature,301,298,40,261,0.770764119601329,0.0,0.8888888888888888,0.8770764119601329,0.8770764119601329,0.12292358803986711,0.0,0.26523666030010623,False
AF,AF,M5,ECG-FM,D3,CODE-15%,0.1,0.9,raw,1197,1200,17,1180,0.9239766081871345,0.0,0.9372881355932203,0.9373433583959899,0.9373433583959899,0.06265664160401002,0.0,0.06987932847941046,False
AF,AF,M5,ECG-FM,D3,CODE-15%,0.1,0.9,platt,1197,1200,17,1180,0.9239766081871345,0.0,0.9372881355932203,0.935672514619883,0.935672514619883,0.06432748538011696,0.0,0.025474162724721087,False
AF,AF,M5,ECG-FM,D3,CODE-15%,0.1,0.9,isotonic,1197,1200,17,1180,0.9314954051796157,0.0,0.9449152542372882,0.9431913116123642,0.9431913116123642,0.05680868838763575,0.0,0.06153846153846154,False
AF,AF,M5,ECG-FM,D3,CODE-15%,0.1,0.9,temperature,1197,1200,17,1180,0.9239766081871345,0.0,0.9372881355932203,0.9373433583959899,0.9373433583959899,0.06265664160401002,0.0,0.09259930953857133,False
AF,AF,M5,ECG-FM,D3,CODE-15%,0.2,0.8,raw,1197,1200,17,1180,0.8170426065162907,0.0,0.8288135593220339,0.8270676691729323,0.8270676691729323,0.17293233082706766,0.0,0.03159816587890255,False
AF,AF,M5,ECG-FM,D3,CODE-15%,0.2,0.8,platt,1197,1200,17,1180,0.8170426065162907,0.0,0.8288135593220339,0.8262322472848789,0.8262322472848789,0.17376775271512113,0.0,0.021746075683577316,False
AF,AF,M5,ECG-FM,D3,CODE-15%,0.2,0.8,isotonic,1197,1200,17,1180,0.87468671679198,0.0,0.8872881355932203,0.8847117794486216,0.8847117794486216,0.11528822055137844,0.0,0.02158273381294964,False
AF,AF,M5,ECG-FM,D3,CODE-15%,0.2,0.8,temperature,1197,1200,17,1180,0.8170426065162907,0.0,0.8288135593220339,0.8270676691729323,0.8270676691729323,0.17293233082706766,0.0,0.046635384050412704,False
AF,AF,M5,ECG-FM,D4,CPSC2018,0.1,0.9,raw,1031,1031,161,870,0.9088263821532493,0.6024844720496895,0.9655172413793104,1.0795344325897187,0.9204655674102813,0.0,0.07953443258971872,0.6544451967722358,False
AF,AF,M5,ECG-FM,D4,CPSC2018,0.1,0.9,platt,1031,1031,161,870,0.9097963142580019,0.5838509316770186,0.9701149425287356,1.0717749757516974,0.9282250242483027,0.0,0.07177497575169738,0.6807306659384224,False
AF,AF,M5,ECG-FM,D4,CPSC2018,0.1,0.9,isotonic,1031,1031,161,870,0.9107662463627546,0.6024844720496895,0.967816091954023,1.0824442289039766,0.9175557710960233,0.0,0.08244422890397672,0.6233766233766234,False
AF,AF,M5,ECG-FM,D4,CPSC2018,0.1,0.9,temperature,1031,1031,161,870,0.9088263821532493,0.6024844720496895,0.9655172413793104,1.0795344325897187,0.9204655674102813,0.0,0.07953443258971872,0.6143652048707141,False
AF,AF,M5,ECG-FM,D4,CPSC2018,0.2,0.8,raw,1031,1031,161,870,0.8098933074684772,0.38509316770186336,0.8885057471264368,0.8884578079534433,0.8884578079534433,0.11154219204655674,0.0,0.29649617241005044,False
AF,AF,M5,ECG-FM,D4,CPSC2018,0.2,0.8,platt,1031,1031,161,870,0.8186226964112512,0.33540372670807456,0.9080459770114943,0.9020368574199806,0.9020368574199806,0.0979631425800194,0.0,0.26360059890360504,False
AF,AF,M5,ECG-FM,D4,CPSC2018,0.2,0.8,isotonic,1031,1031,161,870,0.8128031037827352,0.391304347826087,0.8908045977011494,0.8933074684772065,0.8933074684772065,0.1066925315227934,0.0,0.30434782608695654,False
AF,AF,M5,ECG-FM,D4,CPSC2018,0.2,0.8,temperature,1031,1031,161,870,0.8098933074684772,0.38509316770186336,0.8885057471264368,0.8884578079534433,0.8884578079534433,0.11154219204655674,0.0,0.34749604082086005,False
AF,AF,M5,ECG-FM,D5,MIMIC-IV-ECG,0.1,0.9,raw,301,298,40,261,0.8837209302325582,0.375,0.9616858237547893,1.0730897009966778,0.9269102990033222,0.0,0.07308970099667775,0.6780857204261026,False
AF,AF,M5,ECG-FM,D5,MIMIC-IV-ECG,0.1,0.9,platt,301,298,40,261,0.8770764119601329,0.125,0.9923371647509579,1.0199335548172757,0.9800664451827242,0.0,0.019933554817275746,0.514682655777147,False
AF,AF,M5,ECG-FM,D5,MIMIC-IV-ECG,0.1,0.9,isotonic,301,298,40,261,0.8870431893687708,0.15,1.0,1.0365448504983388,0.9634551495016611,0.0,0.036544850498338874,0.6363636363636364,False
AF,AF,M5,ECG-FM,D5,MIMIC-IV-ECG,0.1,0.9,temperature,301,298,40,261,0.8837209302325582,0.375,0.9616858237547893,1.0730897009966778,0.9269102990033222,0.0,0.07308970099667775,0.6202407492629689,False
AF,AF,M5,ECG-FM,D5,MIMIC-IV-ECG,0.2,0.8,raw,301,298,40,261,0.7774086378737541,0.2,0.8659003831417624,0.867109634551495,0.867109634551495,0.132890365448505,0.0,0.2285923132566739,False
AF,AF,M5,ECG-FM,D5,MIMIC-IV-ECG,0.2,0.8,platt,301,298,40,261,0.7641196013289037,0.0,0.8812260536398467,0.8372093023255814,0.8372093023255814,0.16279069767441862,0.0,0.12124686778194475,False
AF,AF,M5,ECG-FM,D5,MIMIC-IV-ECG,0.2,0.8,isotonic,301,298,40,261,0.770764119601329,0.0,0.8888888888888888,0.8504983388704319,0.8504983388704319,0.14950166112956811,0.0,0.25,False
AF,AF,M5,ECG-FM,D5,MIMIC-IV-ECG,0.2,0.8,temperature,301,298,40,261,0.7774086378737541,0.2,0.8659003831417624,0.867109634551495,0.867109634551495,0.132890365448505,0.0,0.30983074188554854,False
AF,AF,M6,S4D,D3,CODE-15%,0.1,0.9,raw,1197,1200,17,1180,0.9114452798663325,0.0,0.9245762711864407,0.923141186299081,0.923141186299081,0.07685881370091896,0.0,0.045519335643049025,False
AF,AF,M6,S4D,D3,CODE-15%,0.1,0.9,platt,1197,1200,17,1180,0.9114452798663325,0.0,0.9245762711864407,0.923141186299081,0.923141186299081,0.07685881370091896,0.0,0.024535891929224365,False
AF,AF,M6,S4D,D3,CODE-15%,0.1,0.9,isotonic,1197,1200,17,1180,0.9582289055973267,0.0,0.9720338983050848,0.9707602339181286,0.9707602339181286,0.029239766081871343,0.0,0.04363636363636364,False
AF,AF,M6,S4D,D3,CODE-15%,0.1,0.9,temperature,1197,1200,17,1180,0.9114452798663325,0.0,0.9245762711864407,0.923141186299081,0.923141186299081,0.07685881370091896,0.0,0.05629763715690195,False
AF,AF,M6,S4D,D3,CODE-15%,0.2,0.8,raw,1197,1200,17,1180,0.810359231411863,0.0,0.8220338983050848,0.8187134502923976,0.8187134502923976,0.18128654970760233,0.0,0.031069462384776057,False
AF,AF,M6,S4D,D3,CODE-15%,0.2,0.8,platt,1197,1200,17,1180,0.810359231411863,0.0,0.8220338983050848,0.8187134502923976,0.8187134502923976,0.18128654970760233,0.0,0.023589848296688993,False
AF,AF,M6,S4D,D3,CODE-15%,0.2,0.8,isotonic,1197,1200,17,1180,0.9582289055973267,0.0,0.9720338983050848,0.9707602339181286,0.9707602339181286,0.029239766081871343,0.0,0.04363636363636364,False
AF,AF,M6,S4D,D3,CODE-15%,0.2,0.8,temperature,1197,1200,17,1180,0.810359231411863,0.0,0.8220338983050848,0.8187134502923976,0.8187134502923976,0.18128654970760233,0.0,0.03966193779075892,False
AF,AF,M6,S4D,D4,CPSC2018,0.1,0.9,raw,1031,1031,161,870,0.9107662463627546,0.4782608695652174,0.9908045977011494,1.1668283220174587,0.8331716779825412,0.0,0.16682832201745879,0.7377982306916913,False
AF,AF,M6,S4D,D4,CPSC2018,0.1,0.9,platt,1031,1031,161,870,0.9136760426770126,0.515527950310559,0.9873563218390805,1.1658583899127062,0.8341416100872939,0.0,0.1658583899127061,0.7587745711573949,False
AF,AF,M6,S4D,D4,CPSC2018,0.1,0.9,isotonic,1031,1031,161,870,0.918525703200776,0.4782608695652174,1.0,1.1823472356935014,0.8176527643064986,0.0,0.18234723569350145,0.6585365853658536,False
AF,AF,M6,S4D,D4,CPSC2018,0.1,0.9,temperature,1031,1031,161,870,0.9107662463627546,0.4782608695652174,0.9908045977011494,1.1668283220174587,0.8331716779825412,0.0,0.16682832201745879,0.7156738409851218,False
AF,AF,M6,S4D,D4,CPSC2018,0.2,0.8,raw,1031,1031,161,870,0.8419010669253152,0.16149068322981366,0.967816091954023,0.9835111542192047,0.9835111542192047,0.016488845780795344,0.0,0.4756064046629834,False
AF,AF,M6,S4D,D4,CPSC2018,0.2,0.8,platt,1031,1031,161,870,0.8457807953443259,0.21739130434782608,0.9620689655172414,0.9941804073714839,0.9941804073714839,0.005819592628516004,0.0,0.47263303625324704,False
AF,AF,M6,S4D,D4,CPSC2018,0.2,0.8,isotonic,1031,1031,161,870,0.8273520853540253,0.2732919254658385,0.9298850574712644,0.9689621726479146,0.9689621726479146,0.031037827352085354,0.0,0.42424242424242425,False
AF,AF,M6,S4D,D4,CPSC2018,0.2,0.8,temperature,1031,1031,161,870,0.8419010669253152,0.16149068322981366,0.967816091954023,0.9835111542192047,0.9835111542192047,0.016488845780795344,0.0,0.47823082367884817,False
AF,AF,M6,S4D,D5,MIMIC-IV-ECG,0.1,0.9,raw,301,298,40,261,0.8770764119601329,0.1,0.9961685823754789,1.053156146179402,0.946843853820598,0.0,0.053156146179401995,0.6874176485538184,False
AF,AF,M6,S4D,D5,MIMIC-IV-ECG,0.1,0.9,platt,301,298,40,261,0.8737541528239202,0.05,1.0,1.0099667774086378,0.9900332225913622,0.0,0.009966777408637873,0.7916441148818285,False
AF,AF,M6,S4D,D5,MIMIC-IV-ECG,0.1,0.9,isotonic,301,298,40,261,0.8737541528239202,0.05,1.0,1.0099667774086378,0.9900332225913622,0.0,0.009966777408637873,0.75,False
AF,AF,M6,S4D,D5,MIMIC-IV-ECG,0.1,0.9,temperature,301,298,40,261,0.8770764119601329,0.1,0.9961685823754789,1.053156146179402,0.946843853820598,0.0,0.053156146179401995,0.6713753663900993,False
AF,AF,M6,S4D,D5,MIMIC-IV-ECG,0.2,0.8,raw,301,298,40,261,0.8039867109634552,0.0,0.9272030651340997,0.9036544850498339,0.9036544850498339,0.09634551495016612,0.0,0.2512383991270636,False
AF,AF,M6,S4D,D5,MIMIC-IV-ECG,0.2,0.8,platt,301,298,40,261,0.8039867109634552,0.0,0.9272030651340997,0.9003322259136213,0.9003322259136213,0.09966777408637874,0.0,0.11702100928870561,False
AF,AF,M6,S4D,D5,MIMIC-IV-ECG,0.2,0.8,isotonic,301,298,40,261,0.8504983388704319,0.0,0.9808429118773946,0.9767441860465116,0.9767441860465116,0.023255813953488372,0.0,0.16981132075471697,False
AF,AF,M6,S4D,D5,MIMIC-IV-ECG,0.2,0.8,temperature,301,298,40,261,0.8039867109634552,0.0,0.9272030651340997,0.9036544850498339,0.9036544850498339,0.09634551495016612,0.0,0.27092262280761853,False
NORM,NORM,M1,MERL,D1,PTB-XL,0.1,0.9,raw,299,297,142,157,0.903010033444816,0.9154929577464789,0.89171974522293,1.3076923076923077,0.6923076923076923,0.0,0.3076923076923077,0.8075430421277852,False
NORM,NORM,M1,MERL,D1,PTB-XL,0.1,0.9,platt,299,297,142,157,0.9096989966555183,0.9154929577464789,0.9044585987261147,1.3311036789297659,0.6688963210702341,0.0,0.3311036789297659,0.7897229972729446,False
NORM,NORM,M1,MERL,D1,PTB-XL,0.1,0.9,isotonic,299,297,142,157,0.9331103678929766,0.9436619718309859,0.9235668789808917,1.4280936454849498,0.5719063545150501,0.0,0.4280936454849498,0.7058823529411765,False
NORM,NORM,M1,MERL,D1,PTB-XL,0.1,0.9,temperature,299,297,142,157,0.903010033444816,0.9154929577464789,0.89171974522293,1.3076923076923077,0.6923076923076923,0.0,0.3076923076923077,0.6644774055966278,False
NORM,NORM,M1,MERL,D1,PTB-XL,0.2,0.8,raw,299,297,142,157,0.7926421404682275,0.8098591549295775,0.7770700636942676,1.020066889632107,0.979933110367893,0.0,0.020066889632107024,0.524899252106999,False
NORM,NORM,M1,MERL,D1,PTB-XL,0.2,0.8,platt,299,297,142,157,0.7993311036789298,0.8098591549295775,0.7898089171974523,1.0301003344481605,0.9698996655518395,0.0,0.030100334448160536,0.525278945858113,False
NORM,NORM,M1,MERL,D1,PTB-XL,0.2,0.8,isotonic,299,297,142,157,0.8361204013377926,0.8802816901408451,0.7961783439490446,1.1237458193979932,0.8762541806020067,0.0,0.12374581939799331,0.5116279069767442,False
NORM,NORM,M1,MERL,D1,PTB-XL,0.2,0.8,temperature,299,297,142,157,0.7926421404682275,0.8098591549295775,0.7770700636942676,1.020066889632107,0.979933110367893,0.0,0.020066889632107024,0.511871242946999,False
NORM,NORM,M1,MERL,D3,CODE-15%,0.1,0.9,raw,1197,1200,459,738,0.910609857978279,0.8496732026143791,0.948509485094851,1.5756056808688388,0.4243943191311612,0.0,0.5756056808688388,0.7248293653077842,False
NORM,NORM,M1,MERL,D3,CODE-15%,0.1,0.9,platt,1197,1200,459,738,0.9064327485380117,0.7843137254901961,0.9823848238482384,1.556390977443609,0.44360902255639095,0.0,0.556390977443609,0.678076779521048,False
NORM,NORM,M1,MERL,D3,CODE-15%,0.1,0.9,isotonic,1197,1200,459,738,0.910609857978279,0.7952069716775599,0.9823848238482384,1.5680868838763575,0.4319131161236424,0.0,0.5680868838763575,0.6231884057971014,False
NORM,NORM,M1,MERL,D3,CODE-15%,0.1,0.9,temperature,1197,1200,459,738,0.910609857978279,0.8496732026143791,0.948509485094851,1.5756056808688388,0.4243943191311612,0.0,0.5756056808688388,0.6435965771195666,False
NORM,NORM,M1,MERL,D3,CODE-15%,0.2,0.8,raw,1197,1200,459,738,0.8111946532999165,0.7080610021786492,0.8753387533875339,1.3199665831244778,0.6800334168755221,0.0,0.31996658312447784,0.6181193156559632,False
NORM,NORM,M1,MERL,D3,CODE-15%,0.2,0.8,platt,1197,1200,459,738,0.8020050125313283,0.6122004357298475,0.9200542005420054,1.314954051796157,0.6850459482038429,0.0,0.31495405179615704,0.594222164362356,False
NORM,NORM,M1,MERL,D3,CODE-15%,0.2,0.8,isotonic,1197,1200,459,738,0.8170426065162907,0.55119825708061,0.9823848238482384,1.3600668337510442,0.6399331662489557,0.0,0.36006683375104426,0.5467289719626168,False
NORM,NORM,M1,MERL,D3,CODE-15%,0.2,0.8,temperature,1197,1200,459,738,0.8111946532999165,0.7080610021786492,0.8753387533875339,1.3199665831244778,0.6800334168755221,0.0,0.31996658312447784,0.5729402181519075,False
NORM,Normal,M1,MERL,D4,CPSC2018,0.1,0.9,raw,1031,1031,133,898,0.8981571290009699,0.6240601503759399,0.9387527839643652,0.9612027158098934,0.9612027158098934,0.038797284190106696,0.0,0.4103110951764694,False
NORM,Normal,M1,MERL,D4,CPSC2018,0.1,0.9,platt,1031,1031,133,898,0.895247332686712,0.48872180451127817,0.955456570155902,0.9544131910766246,0.9544131910766246,0.04558680892337536,0.0,0.3542319183879409,False
NORM,Normal,M1,MERL,D4,CPSC2018,0.1,0.9,isotonic,1031,1031,133,898,0.9078564500484966,0.5338345864661654,0.9632516703786191,0.976721629485936,0.976721629485936,0.023278370514064017,0.0,0.46153846153846156,False
NORM,Normal,M1,MERL,D4,CPSC2018,0.1,0.9,temperature,1031,1031,133,898,0.8981571290009699,0.6240601503759399,0.9387527839643652,0.9612027158098934,0.9612027158098934,0.038797284190106696,0.0,0.42745509889634975,False
NORM,Normal,M1,MERL,D4,CPSC2018,0.2,0.8,raw,1031,1031,133,898,0.7885548011639185,0.3157894736842105,0.8585746102449888,0.8069835111542192,0.8069835111542192,0.1930164888457808,0.0,0.14274384918266314,False
NORM,Normal,M1,MERL,D4,CPSC2018,0.2,0.8,platt,1031,1031,133,898,0.7953443258971872,0.07518796992481203,0.9020044543429844,0.8176527643064986,0.8176527643064986,0.18234723569350145,0.0,0.09375754707453166,False
NORM,Normal,M1,MERL,D4,CPSC2018,0.2,0.8,isotonic,1031,1031,133,898,0.7885548011639185,0.15037593984962405,0.8830734966592427,0.8069835111542192,0.8069835111542192,0.1930164888457808,0.0,0.13793103448275862,False
NORM,Normal,M1,MERL,D4,CPSC2018,0.2,0.8,temperature,1031,1031,133,898,0.7885548011639185,0.3157894736842105,0.8585746102449888,0.8069835111542192,0.8069835111542192,0.1930164888457808,0.0,0.19084640440493714,False
NORM,SR,M1,MERL,D5,MIMIC-IV-ECG,0.1,0.9,raw,301,298,269,32,0.9335548172757475,0.9739776951672863,0.59375,1.149501661129568,0.8504983388704319,0.0,0.14950166112956811,0.8254802197455378,False
NORM,SR,M1,MERL,D5,MIMIC-IV-ECG,0.1,0.9,platt,301,298,269,32,0.9501661129568106,1.0,0.53125,1.1096345514950166,0.8903654485049833,0.0,0.10963455149501661,0.6771532986501201,False
NORM,SR,M1,MERL,D5,MIMIC-IV-ECG,0.1,0.9,isotonic,301,298,269,32,0.9401993355481728,0.9888475836431226,0.53125,1.0764119601328903,0.9235880398671097,0.0,0.07641196013289037,0.6666666666666666,False
NORM,SR,M1,MERL,D5,MIMIC-IV-ECG,0.1,0.9,temperature,301,298,269,32,0.9335548172757475,0.9739776951672863,0.59375,1.149501661129568,0.8504983388704319,0.0,0.14950166112956811,0.686966110776596,False
NORM,SR,M1,MERL,D5,MIMIC-IV-ECG,0.2,0.8,raw,301,298,269,32,0.8438538205980066,0.8884758364312267,0.46875,0.9269102990033222,0.9269102990033222,0.07308970099667775,0.0,0.2920361845576612,False
NORM,SR,M1,MERL,D5,MIMIC-IV-ECG,0.2,0.8,platt,301,298,269,32,0.8372093023255814,0.9368029739776952,0.0,0.8837209302325582,0.8837209302325582,0.11627906976744186,0.0,0.26408110889824987,False
NORM,SR,M1,MERL,D5,MIMIC-IV-ECG,0.2,0.8,isotonic,301,298,269,32,0.8604651162790697,0.9368029739776952,0.21875,0.9169435215946844,0.9169435215946844,0.08305647840531562,0.0,0.23636363636363633,False
NORM,SR,M1,MERL,D5,MIMIC-IV-ECG,0.2,0.8,temperature,301,298,269,32,0.8438538205980066,0.8884758364312267,0.46875,0.9269102990033222,0.9269102990033222,0.07308970099667775,0.0,0.38986208277336876,False
NORM,NORM,M2,ST-MEM,D1,PTB-XL,0.1,0.9,raw,299,297,142,157,0.9230769230769231,0.9154929577464789,0.9299363057324841,1.3210702341137124,0.6789297658862876,0.0,0.3210702341137124,0.9460401625381903,False
NORM,NORM,M2,ST-MEM,D1,PTB-XL,0.1,0.9,platt,299,297,142,157,0.9163879598662207,0.8873239436619719,0.9426751592356688,1.3043478260869565,0.6956521739130435,0.0,0.30434782608695654,0.8156970866351398,False
NORM,NORM,M2,ST-MEM,D1,PTB-XL,0.1,0.9,isotonic,299,297,142,157,0.9264214046822743,0.9647887323943662,0.89171974522293,1.3277591973244147,0.6722408026755853,0.0,0.3277591973244147,0.5517241379310345,False
NORM,NORM,M2,ST-MEM,D1,PTB-XL,0.1,0.9,temperature,299,297,142,157,0.9230769230769231,0.9154929577464789,0.9299363057324841,1.3210702341137124,0.6789297658862876,0.0,0.3210702341137124,0.7006013561257958,False
NORM,NORM,M2,ST-MEM,D1,PTB-XL,0.2,0.8,raw,299,297,142,157,0.7859531772575251,0.7887323943661971,0.7834394904458599,1.0100334448160535,0.9899665551839465,0.0,0.010033444816053512,0.5380619386483954,False
NORM,NORM,M2,ST-MEM,D1,PTB-XL,0.2,0.8,platt,299,297,142,157,0.7892976588628763,0.7887323943661971,0.7898089171974523,1.0133779264214047,0.9866220735785953,0.0,0.013377926421404682,0.5556412624993319,False
NORM,NORM,M2,ST-MEM,D1,PTB-XL,0.2,0.8,isotonic,299,297,142,157,0.7725752508361204,0.852112676056338,0.7006369426751592,1.0,1.0,0.0,0.0,0.4666666666666668,False
NORM,NORM,M2,ST-MEM,D1,PTB-XL,0.2,0.8,temperature,299,297,142,157,0.7859531772575251,0.7887323943661971,0.7834394904458599,1.0100334448160535,0.9899665551839465,0.0,0.010033444816053512,0.5113182720337683,False
NORM,NORM,M2,ST-MEM,D3,CODE-15%,0.1,0.9,raw,1197,1200,459,738,0.8989139515455304,0.8540305010893247,0.926829268292683,1.454469507101086,0.545530492898914,0.0,0.454469507101086,0.7774311920580663,False
NORM,NORM,M2,ST-MEM,D3,CODE-15%,0.1,0.9,platt,1197,1200,459,738,0.9014202172096909,0.7995642701525054,0.964769647696477,1.4736842105263157,0.5263157894736842,0.0,0.47368421052631576,0.7191212179390853,False
NORM,NORM,M2,ST-MEM,D3,CODE-15%,0.1,0.9,isotonic,1197,1200,459,738,0.9030910609857978,0.8649237472766884,0.926829268292683,1.468671679197995,0.531328320802005,0.0,0.46867167919799496,0.6379310344827587,False
NORM,NORM,M2,ST-MEM,D3,CODE-15%,0.1,0.9,temperature,1197,1200,459,738,0.8989139515455304,0.8540305010893247,0.926829268292683,1.454469507101086,0.545530492898914,0.0,0.454469507101086,0.6573746434265063,False
NORM,NORM,M2,ST-MEM,D3,CODE-15%,0.2,0.8,raw,1197,1200,459,738,0.7986633249791144,0.7211328976034859,0.8468834688346883,1.236424394319131,0.7635756056808688,0.0,0.23642439431913115,0.6446159212762703,False
NORM,NORM,M2,ST-MEM,D3,CODE-15%,0.2,0.8,platt,1197,1200,459,738,0.7844611528822055,0.6383442265795207,0.8753387533875339,1.2021720969089391,0.797827903091061,0.0,0.202172096908939,0.601944107695269,False
NORM,NORM,M2,ST-MEM,D3,CODE-15%,0.2,0.8,isotonic,1197,1200,459,738,0.8145363408521303,0.6339869281045751,0.926829268292683,1.2698412698412698,0.7301587301587301,0.0,0.2698412698412698,0.5517241379310345,False
NORM,NORM,M2,ST-MEM,D3,CODE-15%,0.2,0.8,temperature,1197,1200,459,738,0.7986633249791144,0.7211328976034859,0.8468834688346883,1.236424394319131,0.7635756056808688,0.0,0.23642439431913115,0.5769386186994541,False
NORM,Normal,M2,ST-MEM,D4,CPSC2018,0.1,0.9,raw,1031,1031,133,898,0.9010669253152279,0.631578947368421,0.9409799554565702,0.9466537342386033,0.9466537342386033,0.0533462657613967,0.0,0.2741167090373533,False
NORM,Normal,M2,ST-MEM,D4,CPSC2018,0.1,0.9,platt,1031,1031,133,898,0.8903976721629486,0.5037593984962406,0.9476614699331849,0.933074684772066,0.933074684772066,0.06692531522793405,0.0,0.21034026812934736,False
NORM,Normal,M2,ST-MEM,D4,CPSC2018,0.1,0.9,isotonic,1031,1031,133,898,0.8942774005819593,0.45864661654135336,0.9587973273942093,0.9437439379243453,0.9437439379243453,0.05625606207565471,0.0,0.3076923076923077,False
NORM,Normal,M2,ST-MEM,D4,CPSC2018,0.1,0.9,temperature,1031,1031,133,898,0.9010669253152279,0.631578947368421,0.9409799554565702,0.9466537342386033,0.9466537342386033,0.0533462657613967,0.0,0.3898107234877338,False
NORM,Normal,M2,ST-MEM,D4,CPSC2018,0.2,0.8,raw,1031,1031,133,898,0.7895247332686712,0.38345864661654133,0.8496659242761693,0.8031037827352085,0.8031037827352085,0.19689621726479145,0.0,0.02672066553027271,False
NORM,Normal,M2,ST-MEM,D4,CPSC2018,0.2,0.8,platt,1031,1031,133,898,0.7866149369544132,0.0,0.9031180400890868,0.8021338506304558,0.8021338506304558,0.19786614936954414,0.0,0.058862991455568094,False
NORM,Normal,M2,ST-MEM,D4,CPSC2018,0.2,0.8,isotonic,1031,1031,133,898,0.7982541222114452,0.45112781954887216,0.8496659242761693,0.8147429679922406,0.8147429679922406,0.18525703200775945,0.0,0.16666666666666663,False
NORM,Normal,M2,ST-MEM,D4,CPSC2018,0.2,0.8,temperature,1031,1031,133,898,0.7895247332686712,0.38345864661654133,0.8496659242761693,0.8031037827352085,0.8031037827352085,0.19689621726479145,0.0,0.16052351968813486,False
NORM,SR,M2,ST-MEM,D5,MIMIC-IV-ECG,0.1,0.9,raw,301,298,269,32,0.9235880398671097,0.966542750929368,0.5625,1.132890365448505,0.867109634551495,0.0,0.132890365448505,0.8972310812608514,False
NORM,SR,M2,ST-MEM,D5,MIMIC-IV-ECG,0.1,0.9,platt,301,298,269,32,0.9401993355481728,1.0,0.4375,1.0764119601328903,0.9235880398671097,0.0,0.07641196013289037,0.5677417453346116,False
NORM,SR,M2,ST-MEM,D5,MIMIC-IV-ECG,0.1,0.9,isotonic,301,298,269,32,0.9401993355481728,1.0,0.4375,1.0730897009966778,0.9269102990033222,0.0,0.07308970099667775,0.6363636363636364,False
NORM,SR,M2,ST-MEM,D5,MIMIC-IV-ECG,0.1,0.9,temperature,301,298,269,32,0.9235880398671097,0.966542750929368,0.5625,1.132890365448505,0.867109634551495,0.0,0.132890365448505,0.6748446454642123,False
NORM,SR,M2,ST-MEM,D5,MIMIC-IV-ECG,0.2,0.8,raw,301,298,269,32,0.8737541528239202,0.9219330855018587,0.46875,0.9634551495016611,0.9634551495016611,0.036544850498338874,0.0,0.30821621767752183,False
NORM,SR,M2,ST-MEM,D5,MIMIC-IV-ECG,0.2,0.8,platt,301,298,269,32,0.8504983388704319,0.9516728624535316,0.0,0.9069767441860465,0.9069767441860465,0.09302325581395349,0.0,0.34228033890690657,False
NORM,SR,M2,ST-MEM,D5,MIMIC-IV-ECG,0.2,0.8,isotonic,301,298,269,32,0.867109634551495,0.9591078066914498,0.09375,0.9269102990033222,0.9269102990033222,0.07308970099667775,0.0,0.23076923076923073,False
NORM,SR,M2,ST-MEM,D5,MIMIC-IV-ECG,0.2,0.8,temperature,301,298,269,32,0.8737541528239202,0.9219330855018587,0.46875,0.9634551495016611,0.9634551495016611,0.036544850498338874,0.0,0.43230837398229116,False
NORM,NORM,M3,HuBERT-ECG,D1,PTB-XL,0.1,0.9,raw,299,297,142,157,0.8896321070234113,0.8873239436619719,0.89171974522293,1.2508361204013378,0.7491638795986622,0.0,0.2508361204013378,0.9365710307203674,False
NORM,NORM,M3,HuBERT-ECG,D1,PTB-XL,0.1,0.9,platt,299,297,142,157,0.8896321070234113,0.8661971830985915,0.910828025477707,1.2876254180602007,0.7123745819397993,0.0,0.28762541806020064,0.7834264660252276,False
NORM,NORM,M3,HuBERT-ECG,D1,PTB-XL,0.1,0.9,isotonic,299,297,142,157,0.8862876254180602,0.8873239436619719,0.8853503184713376,1.2508361204013378,0.7491638795986622,0.0,0.2508361204013378,0.5932203389830508,False
NORM,NORM,M3,HuBERT-ECG,D1,PTB-XL,0.1,0.9,temperature,299,297,142,157,0.8896321070234113,0.8873239436619719,0.89171974522293,1.2508361204013378,0.7491638795986622,0.0,0.2508361204013378,0.6572861467997315,False
NORM,NORM,M3,HuBERT-ECG,D1,PTB-XL,0.2,0.8,raw,299,297,142,157,0.8160535117056856,0.8028169014084507,0.8280254777070064,1.0735785953177257,0.9264214046822743,0.0,0.07357859531772576,0.7157412124878887,False
NORM,NORM,M3,HuBERT-ECG,D1,PTB-XL,0.2,0.8,platt,299,297,142,157,0.8160535117056856,0.8028169014084507,0.8280254777070064,1.0702341137123745,0.9297658862876255,0.0,0.07023411371237458,0.6373958162553075,False
NORM,NORM,M3,HuBERT-ECG,D1,PTB-XL,0.2,0.8,isotonic,299,297,142,157,0.8260869565217391,0.8873239436619719,0.7707006369426752,1.0635451505016722,0.9364548494983278,0.0,0.06354515050167224,0.5833333333333334,False
NORM,NORM,M3,HuBERT-ECG,D1,PTB-XL,0.2,0.8,temperature,299,297,142,157,0.8160535117056856,0.8028169014084507,0.8280254777070064,1.0735785953177257,0.9264214046822743,0.0,0.07357859531772576,0.5556097876897678,False
NORM,NORM,M3,HuBERT-ECG,D3,CODE-15%,0.1,0.9,raw,1197,1200,459,738,0.9022556390977443,0.8431372549019608,0.9390243902439024,1.518796992481203,0.48120300751879697,0.0,0.518796992481203,0.7847124232028457,False
NORM,NORM,M3,HuBERT-ECG,D3,CODE-15%,0.1,0.9,platt,1197,1200,459,738,0.9081035923141186,0.7973856209150327,0.9769647696476965,1.4995822890559733,0.5004177109440268,0.0,0.49958228905597324,0.711057241793019,False
NORM,NORM,M3,HuBERT-ECG,D3,CODE-15%,0.1,0.9,isotonic,1197,1200,459,738,0.9298245614035088,0.8518518518518519,0.978319783197832,1.5789473684210527,0.42105263157894735,0.0,0.5789473684210527,0.6491228070175439,False
NORM,NORM,M3,HuBERT-ECG,D3,CODE-15%,0.1,0.9,temperature,1197,1200,459,738,0.9022556390977443,0.8431372549019608,0.9390243902439024,1.518796992481203,0.48120300751879697,0.0,0.518796992481203,0.6698180685446771,False
NORM,NORM,M3,HuBERT-ECG,D3,CODE-15%,0.2,0.8,raw,1197,1200,459,738,0.7811194653299917,0.7015250544662309,0.8306233062330624,1.2355889724310778,0.7644110275689223,0.0,0.23558897243107768,0.6323089139675415,False
NORM,NORM,M3,HuBERT-ECG,D3,CODE-15%,0.2,0.8,platt,1197,1200,459,738,0.7878028404344194,0.6187363834422658,0.8929539295392954,1.2464494569757727,0.7535505430242272,0.0,0.24644945697577275,0.6038147660194968,False
NORM,NORM,M3,HuBERT-ECG,D3,CODE-15%,0.2,0.8,isotonic,1197,1200,459,738,0.7886382623224728,0.681917211328976,0.8550135501355014,1.239766081871345,0.7602339181286549,0.0,0.23976608187134502,0.5909090909090909,False
NORM,NORM,M3,HuBERT-ECG,D3,CODE-15%,0.2,0.8,temperature,1197,1200,459,738,0.7811194653299917,0.7015250544662309,0.8306233062330624,1.2355889724310778,0.7644110275689223,0.0,0.23558897243107768,0.5735885310679602,False
NORM,Normal,M3,HuBERT-ECG,D4,CPSC2018,0.1,0.9,raw,1031,1031,133,898,0.895247332686712,0.5338345864661654,0.9487750556792873,1.0242483026188167,0.9757516973811833,0.0,0.02424830261881668,0.5870777423349052,False
NORM,Normal,M3,HuBERT-ECG,D4,CPSC2018,0.1,0.9,platt,1031,1031,133,898,0.8991270611057226,0.39849624060150374,0.9732739420935412,1.0223084384093113,0.9776915615906887,0.0,0.02230843840931135,0.5740866690765847,False
NORM,Normal,M3,HuBERT-ECG,D4,CPSC2018,0.1,0.9,isotonic,1031,1031,133,898,0.9088263821532493,0.5037593984962406,0.9688195991091314,1.0387972841901068,0.9612027158098934,0.0,0.038797284190106696,0.5806451612903225,False
NORM,Normal,M3,HuBERT-ECG,D4,CPSC2018,0.1,0.9,temperature,1031,1031,133,898,0.895247332686712,0.5338345864661654,0.9487750556792873,1.0242483026188167,0.9757516973811833,0.0,0.02424830261881668,0.5433022163024748,False
NORM,Normal,M3,HuBERT-ECG,D4,CPSC2018,0.2,0.8,raw,1031,1031,133,898,0.7904946653734238,0.3308270676691729,0.8585746102449888,0.8467507274490785,0.8467507274490785,0.15324927255092144,0.0,0.17737713771354502,False
NORM,Normal,M3,HuBERT-ECG,D4,CPSC2018,0.2,0.8,platt,1031,1031,133,898,0.7866149369544132,0.0,0.9031180400890868,0.8380213385063046,0.8380213385063046,0.16197866149369544,0.0,0.153433412126324,False
NORM,Normal,M3,HuBERT-ECG,D4,CPSC2018,0.2,0.8,isotonic,1031,1031,133,898,0.7875848690591658,0.0,0.9042316258351893,0.8389912706110573,0.8389912706110573,0.16100872938894278,0.0,0.3157894736842105,False
NORM,Normal,M3,HuBERT-ECG,D4,CPSC2018,0.2,0.8,temperature,1031,1031,133,898,0.7904946653734238,0.3308270676691729,0.8585746102449888,0.8467507274490785,0.8467507274490785,0.15324927255092144,0.0,0.3192849134764526,False
NORM,SR,M3,HuBERT-ECG,D5,MIMIC-IV-ECG,0.1,0.9,raw,301,298,269,32,0.8970099667774086,0.9628252788104089,0.34375,1.1428571428571428,0.8571428571428571,0.0,0.14285714285714285,0.882375976994528,False
NORM,SR,M3,HuBERT-ECG,D5,MIMIC-IV-ECG,0.1,0.9,platt,301,298,269,32,0.9269102990033222,1.0,0.3125,1.1196013289036544,0.8803986710963455,0.0,0.11960132890365449,0.7312881936059713,False
NORM,SR,M3,HuBERT-ECG,D5,MIMIC-IV-ECG,0.1,0.9,isotonic,301,298,269,32,0.920265780730897,0.9925650557620818,0.3125,1.0996677740863787,0.9003322259136213,0.0,0.09966777408637874,0.65625,False
NORM,SR,M3,HuBERT-ECG,D5,MIMIC-IV-ECG,0.1,0.9,temperature,301,298,269,32,0.8970099667774086,0.9628252788104089,0.34375,1.1428571428571428,0.8571428571428571,0.0,0.14285714285714285,0.6363426853593513,False
NORM,SR,M3,HuBERT-ECG,D5,MIMIC-IV-ECG,0.2,0.8,raw,301,298,269,32,0.813953488372093,0.8736059479553904,0.3125,0.9501661129568106,0.9501661129568106,0.04983388704318937,0.0,0.3577129246166694,False
NORM,SR,M3,HuBERT-ECG,D5,MIMIC-IV-ECG,0.2,0.8,platt,301,298,269,32,0.840531561461794,0.9405204460966543,0.0,0.9169435215946844,0.9169435215946844,0.08305647840531562,0.0,0.33306046567350744,False
NORM,SR,M3,HuBERT-ECG,D5,MIMIC-IV-ECG,0.2,0.8,isotonic,301,298,269,32,0.8970099667774086,0.9888475836431226,0.125,0.9966777408637874,0.9966777408637874,0.0033222591362126247,0.0,0.34375,False
NORM,SR,M3,HuBERT-ECG,D5,MIMIC-IV-ECG,0.2,0.8,temperature,301,298,269,32,0.813953488372093,0.8736059479553904,0.3125,0.9501661129568106,0.9501661129568106,0.04983388704318937,0.0,0.4594598607480924,False
NORM,NORM,M4,ECGFM-KED,D1,PTB-XL,0.1,0.9,raw,299,297,142,157,0.9163879598662207,0.9295774647887324,0.9044585987261147,1.4013377926421404,0.5986622073578596,0.0,0.4013377926421405,0.7813670736463741,False
NORM,NORM,M4,ECGFM-KED,D1,PTB-XL,0.1,0.9,platt,299,297,142,157,0.919732441471572,0.9084507042253521,0.9299363057324841,1.414715719063545,0.5852842809364549,0.0,0.41471571906354515,0.7534606278106005,False
NORM,NORM,M4,ECGFM-KED,D1,PTB-XL,0.1,0.9,isotonic,299,297,142,157,0.903010033444816,0.8591549295774648,0.9426751592356688,1.3779264214046822,0.6220735785953178,0.0,0.3779264214046823,0.6818181818181818,False
NORM,NORM,M4,ECGFM-KED,D1,PTB-XL,0.1,0.9,temperature,299,297,142,157,0.9163879598662207,0.9295774647887324,0.9044585987261147,1.4013377926421404,0.5986622073578596,0.0,0.4013377926421405,0.652072767923896,False
NORM,NORM,M4,ECGFM-KED,D1,PTB-XL,0.2,0.8,raw,299,297,142,157,0.8193979933110368,0.8309859154929577,0.8089171974522293,1.120401337792642,0.8795986622073578,0.0,0.12040133779264214,0.5755168432131942,False
NORM,NORM,M4,ECGFM-KED,D1,PTB-XL,0.2,0.8,platt,299,297,142,157,0.8127090301003345,0.7887323943661971,0.8343949044585988,1.1070234113712374,0.8929765886287625,0.0,0.10702341137123746,0.5704952478630612,False
NORM,NORM,M4,ECGFM-KED,D1,PTB-XL,0.2,0.8,isotonic,299,297,142,157,0.8127090301003345,0.852112676056338,0.7770700636942676,1.1103678929765886,0.8896321070234113,0.0,0.11036789297658862,0.5172413793103448,False
NORM,NORM,M4,ECGFM-KED,D1,PTB-XL,0.2,0.8,temperature,299,297,142,157,0.8193979933110368,0.8309859154929577,0.8089171974522293,1.120401337792642,0.8795986622073578,0.0,0.12040133779264214,0.5374616064864224,False
NORM,Normal,M4,ECGFM-KED,D4,CPSC2018,0.1,0.9,raw,1031,1031,133,898,0.9020368574199806,0.39849624060150374,0.9766146993318485,1.0096993210475267,0.9903006789524733,0.0,0.009699321047526674,0.5206615041835554,False
NORM,Normal,M4,ECGFM-KED,D4,CPSC2018,0.1,0.9,platt,1031,1031,133,898,0.9020368574199806,0.3684210526315789,0.9810690423162584,1.0077594568380213,0.9922405431619786,0.0,0.007759456838021339,0.5364188429007093,False
NORM,Normal,M4,ECGFM-KED,D4,CPSC2018,0.1,0.9,isotonic,1031,1031,133,898,0.9127061105722599,0.39097744360902253,0.9899777282850779,1.032007759456838,0.967992240543162,0.0,0.03200775945683802,0.5142857142857142,False
NORM,Normal,M4,ECGFM-KED,D4,CPSC2018,0.1,0.9,temperature,1031,1031,133,898,0.9020368574199806,0.39849624060150374,0.9766146993318485,1.0096993210475267,0.9903006789524733,0.0,0.009699321047526674,0.5191341330273732,False
NORM,Normal,M4,ECGFM-KED,D4,CPSC2018,0.2,0.8,raw,1031,1031,133,898,0.8069835111542192,0.15037593984962405,0.9042316258351893,0.8651794374393792,0.8651794374393792,0.13482056256062075,0.0,0.30206899485191363,False
NORM,Normal,M4,ECGFM-KED,D4,CPSC2018,0.2,0.8,platt,1031,1031,133,898,0.8050436469447139,0.12781954887218044,0.9053452115812918,0.8642095053346266,0.8642095053346266,0.13579049466537343,0.0,0.19592579668486038,False
NORM,Normal,M4,ECGFM-KED,D4,CPSC2018,0.2,0.8,isotonic,1031,1031,133,898,0.8060135790494666,0.007518796992481203,0.9242761692650334,0.8642095053346266,0.8642095053346266,0.13579049466537343,0.0,0.2,False
NORM,Normal,M4,ECGFM-KED,D4,CPSC2018,0.2,0.8,temperature,1031,1031,133,898,0.8069835111542192,0.15037593984962405,0.9042316258351893,0.8651794374393792,0.8651794374393792,0.13482056256062075,0.0,0.31529194850131476,False
NORM,SR,M4,ECGFM-KED,D5,MIMIC-IV-ECG,0.1,0.9,raw,301,298,269,32,0.9269102990033222,0.9962825278810409,0.34375,1.2757475083056478,0.7242524916943521,0.0,0.2757475083056478,0.8504240199323494,False
NORM,SR,M4,ECGFM-KED,D5,MIMIC-IV-ECG,0.1,0.9,platt,301,298,269,32,0.9269102990033222,1.0,0.3125,1.2790697674418605,0.7209302325581395,0.0,0.27906976744186046,0.8581422821635568,False
NORM,SR,M4,ECGFM-KED,D5,MIMIC-IV-ECG,0.1,0.9,isotonic,301,298,269,32,0.9900332225913622,1.0,0.90625,1.8903654485049834,0.10963455149501661,0.0,0.8903654485049833,0.8559322033898306,False
NORM,SR,M4,ECGFM-KED,D5,MIMIC-IV-ECG,0.1,0.9,temperature,301,298,269,32,0.9269102990033222,0.9962825278810409,0.34375,1.2757475083056478,0.7242524916943521,0.0,0.2757475083056478,0.7408500423191376,False
NORM,SR,M4,ECGFM-KED,D5,MIMIC-IV-ECG,0.2,0.8,raw,301,298,269,32,0.7973421926910299,0.8884758364312267,0.03125,0.8903654485049833,0.8903654485049833,0.10963455149501661,0.0,0.2678074777979732,False
NORM,SR,M4,ECGFM-KED,D5,MIMIC-IV-ECG,0.2,0.8,platt,301,298,269,32,0.7940199335548173,0.8884758364312267,0.0,0.8837209302325582,0.8837209302325582,0.11627906976744186,0.0,0.14556502755861922,False
NORM,SR,M4,ECGFM-KED,D5,MIMIC-IV-ECG,0.2,0.8,isotonic,301,298,269,32,0.8903654485049833,0.9962825278810409,0.0,0.9900332225913622,0.9900332225913622,0.009966777408637873,0.0,0.19999999999999996,False
NORM,SR,M4,ECGFM-KED,D5,MIMIC-IV-ECG,0.2,0.8,temperature,301,298,269,32,0.7973421926910299,0.8884758364312267,0.03125,0.8903654485049833,0.8903654485049833,0.10963455149501661,0.0,0.35254239077772953,False
NORM,NORM,M5,ECG-FM,D1,PTB-XL,0.1,0.9,raw,299,297,142,157,0.882943143812709,0.8943661971830986,0.8726114649681529,1.2675585284280937,0.7324414715719063,0.0,0.26755852842809363,0.7961627319661095,False
NORM,NORM,M5,ECG-FM,D1,PTB-XL,0.1,0.9,platt,299,297,142,157,0.882943143812709,0.8943661971830986,0.8726114649681529,1.2709030100334449,0.7290969899665551,0.0,0.2709030100334448,0.7789891589836173,False
NORM,NORM,M5,ECG-FM,D1,PTB-XL,0.1,0.9,isotonic,299,297,142,157,0.919732441471572,0.9014084507042254,0.9363057324840764,1.3779264214046822,0.6220735785953178,0.0,0.3779264214046823,0.6666666666666666,False
NORM,NORM,M5,ECG-FM,D1,PTB-XL,0.1,0.9,temperature,299,297,142,157,0.882943143812709,0.8943661971830986,0.8726114649681529,1.2675585284280937,0.7324414715719063,0.0,0.26755852842809363,0.6707633167605668,False
NORM,NORM,M5,ECG-FM,D1,PTB-XL,0.2,0.8,raw,299,297,142,157,0.7759197324414716,0.795774647887324,0.7579617834394905,1.0100334448160535,0.9899665551839465,0.0,0.010033444816053512,0.5176468306150203,False
NORM,NORM,M5,ECG-FM,D1,PTB-XL,0.2,0.8,platt,299,297,142,157,0.7692307692307693,0.795774647887324,0.7452229299363057,1.0033444816053512,0.9966555183946488,0.0,0.0033444816053511705,0.5161128021637782,False
NORM,NORM,M5,ECG-FM,D1,PTB-XL,0.2,0.8,isotonic,299,297,142,157,0.7658862876254181,0.8028169014084507,0.732484076433121,0.9933110367892977,0.9933110367892977,0.006688963210702341,0.0,0.46511627906976744,False
NORM,NORM,M5,ECG-FM,D1,PTB-XL,0.2,0.8,temperature,299,297,142,157,0.7759197324414716,0.795774647887324,0.7579617834394905,1.0100334448160535,0.9899665551839465,0.0,0.010033444816053512,0.509219922417874,False
NORM,NORM,M5,ECG-FM,D3,CODE-15%,0.1,0.9,raw,1197,1200,459,738,0.9214703425229741,0.8562091503267973,0.962059620596206,1.68671679197995,0.3132832080200501,0.0,0.6867167919799498,0.7414984509663092,False
NORM,NORM,M5,ECG-FM,D3,CODE-15%,0.1,0.9,platt,1197,1200,459,738,0.908939014202172,0.7625272331154684,1.0,1.6123642439431913,0.38763575605680867,0.0,0.6123642439431913,0.6603539887989465,False
NORM,NORM,M5,ECG-FM,D3,CODE-15%,0.1,0.9,isotonic,1197,1200,459,738,0.9122807017543859,0.775599128540305,0.997289972899729,1.6257309941520468,0.3742690058479532,0.0,0.6257309941520468,0.6470588235294117,False
NORM,NORM,M5,ECG-FM,D3,CODE-15%,0.1,0.9,temperature,1197,1200,459,738,0.9214703425229741,0.8562091503267973,0.962059620596206,1.68671679197995,0.3132832080200501,0.0,0.6867167919799498,0.6382107896030647,False
NORM,NORM,M5,ECG-FM,D3,CODE-15%,0.2,0.8,raw,1197,1200,459,738,0.8312447786131997,0.6688453159041394,0.9322493224932249,1.441938178780284,0.5580618212197159,0.0,0.441938178780284,0.6341945036342752,False
NORM,NORM,M5,ECG-FM,D3,CODE-15%,0.2,0.8,platt,1197,1200,459,738,0.797827903091061,0.48148148148148145,0.994579945799458,1.377610693400167,0.6223893065998329,0.0,0.37761069340016706,0.6107773665467902,False
NORM,NORM,M5,ECG-FM,D3,CODE-15%,0.2,0.8,isotonic,1197,1200,459,738,0.8771929824561403,0.6840958605664488,0.997289972899729,1.5346700083542189,0.4653299916457811,0.0,0.5346700083542189,0.5764192139737991,False
NORM,NORM,M5,ECG-FM,D3,CODE-15%,0.2,0.8,temperature,1197,1200,459,738,0.8312447786131997,0.6688453159041394,0.9322493224932249,1.441938178780284,0.5580618212197159,0.0,0.441938178780284,0.5735599280356994,False
NORM,Normal,M5,ECG-FM,D4,CPSC2018,0.1,0.9,raw,1031,1031,133,898,0.8942774005819593,0.5263157894736842,0.9487750556792873,1.0067895247332688,0.9932104752667313,0.0,0.006789524733268671,0.5160300670357401,False
NORM,Normal,M5,ECG-FM,D4,CPSC2018,0.1,0.9,platt,1031,1031,133,898,0.8894277400581959,0.40601503759398494,0.9610244988864143,0.9893307468477207,0.9893307468477207,0.01066925315227934,0.0,0.47351615695359756,False
NORM,Normal,M5,ECG-FM,D4,CPSC2018,0.1,0.9,isotonic,1031,1031,133,898,0.8884578079534433,0.3609022556390977,0.9665924276169265,0.98545101842871,0.98545101842871,0.014548981571290009,0.0,0.36363636363636365,False
NORM,Normal,M5,ECG-FM,D4,CPSC2018,0.1,0.9,temperature,1031,1031,133,898,0.8942774005819593,0.5263157894736842,0.9487750556792873,1.0067895247332688,0.9932104752667313,0.0,0.006789524733268671,0.5133358816154603,False
NORM,Normal,M5,ECG-FM,D4,CPSC2018,0.2,0.8,raw,1031,1031,133,898,0.7914645974781765,0.24812030075187969,0.8719376391982183,0.8438409311348206,0.8438409311348206,0.15615906886517944,0.0,0.24721681259288864,False
NORM,Normal,M5,ECG-FM,D4,CPSC2018,0.2,0.8,platt,1031,1031,133,898,0.7904946653734238,0.12781954887218044,0.888641425389755,0.8389912706110573,0.8389912706110573,0.16100872938894278,0.0,0.15988860002932082,False
NORM,Normal,M5,ECG-FM,D4,CPSC2018,0.2,0.8,isotonic,1031,1031,133,898,0.7934044616876819,0.18045112781954886,0.8841870824053452,0.8448108632395732,0.8448108632395732,0.15518913676042678,0.0,0.2222222222222222,False
NORM,Normal,M5,ECG-FM,D4,CPSC2018,0.2,0.8,temperature,1031,1031,133,898,0.7914645974781765,0.24812030075187969,0.8719376391982183,0.8438409311348206,0.8438409311348206,0.15615906886517944,0.0,0.2836830768663171,False
NORM,SR,M5,ECG-FM,D5,MIMIC-IV-ECG,0.1,0.9,raw,301,298,269,32,0.9368770764119602,0.9925650557620818,0.46875,1.2923588039867109,0.707641196013289,0.0,0.292358803986711,0.844763106301246,False
NORM,SR,M5,ECG-FM,D5,MIMIC-IV-ECG,0.1,0.9,platt,301,298,269,32,0.9401993355481728,1.0,0.4375,1.255813953488372,0.7441860465116279,0.0,0.2558139534883721,0.8542792990846252,False
NORM,SR,M5,ECG-FM,D5,MIMIC-IV-ECG,0.1,0.9,isotonic,301,298,269,32,0.9501661129568106,1.0,0.53125,1.3388704318936877,0.6611295681063123,0.0,0.3388704318936877,0.8205128205128205,False
NORM,SR,M5,ECG-FM,D5,MIMIC-IV-ECG,0.1,0.9,temperature,301,298,269,32,0.9368770764119602,0.9925650557620818,0.46875,1.2923588039867109,0.707641196013289,0.0,0.292358803986711,0.700611274751048,False
NORM,SR,M5,ECG-FM,D5,MIMIC-IV-ECG,0.2,0.8,raw,301,298,269,32,0.8471760797342193,0.929368029739777,0.15625,0.9634551495016611,0.9634551495016611,0.036544850498338874,0.0,0.44048972960450505,False
NORM,SR,M5,ECG-FM,D5,MIMIC-IV-ECG,0.2,0.8,platt,301,298,269,32,0.8305647840531561,0.929368029739777,0.0,0.9136212624584718,0.9136212624584718,0.08637873754152824,0.0,0.17738480652528021,False
NORM,SR,M5,ECG-FM,D5,MIMIC-IV-ECG,0.2,0.8,isotonic,301,298,269,32,0.8305647840531561,0.929368029739777,0.0,0.9136212624584718,0.9136212624584718,0.08637873754152824,0.0,0.19354838709677424,False
NORM,SR,M5,ECG-FM,D5,MIMIC-IV-ECG,0.2,0.8,temperature,301,298,269,32,0.8471760797342193,0.929368029739777,0.15625,0.9634551495016611,0.9634551495016611,0.036544850498338874,0.0,0.4700276569441447,False
NORM,NORM,M6,S4D,D1,PTB-XL,0.1,0.9,raw,299,297,142,157,0.9096989966555183,0.9225352112676056,0.8980891719745223,1.4849498327759196,0.5150501672240803,0.0,0.48494983277591974,0.663997886968106,False
NORM,NORM,M6,S4D,D1,PTB-XL,0.1,0.9,platt,299,297,142,157,0.903010033444816,0.8873239436619719,0.9171974522292994,1.508361204013378,0.4916387959866221,0.0,0.5083612040133779,0.7105567807641031,False
NORM,NORM,M6,S4D,D1,PTB-XL,0.1,0.9,isotonic,299,297,142,157,0.903010033444816,0.9366197183098591,0.8726114649681529,1.4682274247491638,0.5317725752508361,0.0,0.4682274247491639,0.639344262295082,False
NORM,NORM,M6,S4D,D1,PTB-XL,0.1,0.9,temperature,299,297,142,157,0.9096989966555183,0.9225352112676056,0.8980891719745223,1.4849498327759196,0.5150501672240803,0.0,0.48494983277591974,0.6555571768698594,False
NORM,NORM,M6,S4D,D1,PTB-XL,0.2,0.8,raw,299,297,142,157,0.8160535117056856,0.8450704225352113,0.7898089171974523,1.2374581939799332,0.7625418060200669,0.0,0.23745819397993312,0.5858457809436866,False
NORM,NORM,M6,S4D,D1,PTB-XL,0.2,0.8,platt,299,297,142,157,0.7892976588628763,0.7746478873239436,0.802547770700637,1.1973244147157192,0.802675585284281,0.0,0.19732441471571907,0.5918115289081883,False
NORM,NORM,M6,S4D,D1,PTB-XL,0.2,0.8,isotonic,299,297,142,157,0.8160535117056856,0.7535211267605634,0.8726114649681529,1.2842809364548495,0.7157190635451505,0.0,0.2842809364548495,0.5396825396825397,False
NORM,NORM,M6,S4D,D1,PTB-XL,0.2,0.8,temperature,299,297,142,157,0.8160535117056856,0.8450704225352113,0.7898089171974523,1.2374581939799332,0.7625418060200669,0.0,0.23745819397993312,0.5811927768151778,False
NORM,NORM,M6,S4D,D3,CODE-15%,0.1,0.9,raw,1197,1200,459,738,0.9114452798663325,0.7777777777777778,0.994579945799458,1.6349206349206349,0.36507936507936506,0.0,0.6349206349206349,0.631322549879753,False
NORM,NORM,M6,S4D,D3,CODE-15%,0.1,0.9,platt,1197,1200,459,738,0.910609857978279,0.775599128540305,0.994579945799458,1.6357560568086884,0.3642439431913116,0.0,0.6357560568086884,0.6464631145733243,False
NORM,NORM,M6,S4D,D3,CODE-15%,0.1,0.9,isotonic,1197,1200,459,738,0.9164578111946533,0.7886710239651417,0.9959349593495935,1.6449456975772765,0.35505430242272346,0.0,0.6449456975772765,0.625,False
NORM,NORM,M6,S4D,D3,CODE-15%,0.1,0.9,temperature,1197,1200,459,738,0.9114452798663325,0.7777777777777778,0.994579945799458,1.6349206349206349,0.36507936507936506,0.0,0.6349206349206349,0.6247145550135859,False
NORM,NORM,M6,S4D,D3,CODE-15%,0.2,0.8,raw,1197,1200,459,738,0.8020050125313283,0.5185185185185185,0.978319783197832,1.3583959899749374,0.6416040100250626,0.0,0.3583959899749373,0.5644353032027365,False
NORM,NORM,M6,S4D,D3,CODE-15%,0.2,0.8,platt,1197,1200,459,738,0.8028404344193818,0.514161220043573,0.9823848238482384,1.366750208855472,0.633249791144528,0.0,0.366750208855472,0.5769266698020321,False
NORM,NORM,M6,S4D,D3,CODE-15%,0.2,0.8,isotonic,1197,1200,459,738,0.8187134502923976,0.5925925925925926,0.959349593495935,1.4051796157059315,0.5948203842940685,0.0,0.4051796157059315,0.5608108108108107,False
NORM,NORM,M6,S4D,D3,CODE-15%,0.2,0.8,temperature,1197,1200,459,738,0.8020050125313283,0.5185185185185185,0.978319783197832,1.3583959899749374,0.6416040100250626,0.0,0.3583959899749373,0.5610815234477475,False
NORM,Normal,M6,S4D,D4,CPSC2018,0.1,0.9,raw,1031,1031,133,898,0.8991270611057226,0.24060150375939848,0.9966592427616926,1.0630455868089235,0.9369544131910766,0.0,0.06304558680892337,0.6372374169460449,False
NORM,Normal,M6,S4D,D4,CPSC2018,0.1,0.9,platt,1031,1031,133,898,0.8903976721629486,0.2556390977443609,0.9844097995545658,1.0562560620756547,0.9437439379243453,0.0,0.05625606207565471,0.6266880678597145,False
NORM,Normal,M6,S4D,D4,CPSC2018,0.1,0.9,isotonic,1031,1031,133,898,0.915615906886518,0.3458646616541353,1.0,1.1096023278370515,0.8903976721629486,0.0,0.1096023278370514,0.5873015873015873,False
NORM,Normal,M6,S4D,D4,CPSC2018,0.1,0.9,temperature,1031,1031,133,898,0.8991270611057226,0.24060150375939848,0.9966592427616926,1.0630455868089235,0.9369544131910766,0.0,0.06304558680892337,0.64522145826609,False
NORM,Normal,M6,S4D,D4,CPSC2018,0.2,0.8,raw,1031,1031,133,898,0.7914645974781765,0.0,0.9086859688195991,0.8690591658583899,0.8690591658583899,0.1309408341416101,0.0,0.2790159577689736,False
NORM,Normal,M6,S4D,D4,CPSC2018,0.2,0.8,platt,1031,1031,133,898,0.7904946653734238,0.007518796992481203,0.9064587973273942,0.8709990300678953,0.8709990300678953,0.12900096993210475,0.0,0.24637505983466323,False
NORM,Normal,M6,S4D,D4,CPSC2018,0.2,0.8,isotonic,1031,1031,133,898,0.7914645974781765,0.0,0.9086859688195991,0.8671193016488846,0.8671193016488846,0.13288069835111543,0.0,0.24691358024691357,False
NORM,Normal,M6,S4D,D4,CPSC2018,0.2,0.8,temperature,1031,1031,133,898,0.7914645974781765,0.0,0.9086859688195991,0.8690591658583899,0.8690591658583899,0.1309408341416101,0.0,0.26740480464947874,False
NORM,SR,M6,S4D,D5,MIMIC-IV-ECG,0.1,0.9,raw,301,298,269,32,0.9269102990033222,0.9962825278810409,0.34375,1.2358803986710964,0.7641196013289037,0.0,0.23588039867109634,0.8429143528064551,False
NORM,SR,M6,S4D,D5,MIMIC-IV-ECG,0.1,0.9,platt,301,298,269,32,0.9269102990033222,0.9962825278810409,0.34375,1.2358803986710964,0.7641196013289037,0.0,0.23588039867109634,0.8391763101713333,False
NORM,SR,M6,S4D,D5,MIMIC-IV-ECG,0.1,0.9,isotonic,301,298,269,32,0.9900332225913622,0.9962825278810409,0.9375,1.850498338870432,0.14950166112956811,0.0,0.8504983388704319,0.8699551569506726,False
NORM,SR,M6,S4D,D5,MIMIC-IV-ECG,0.1,0.9,temperature,301,298,269,32,0.9269102990033222,0.9962825278810409,0.34375,1.2358803986710964,0.7641196013289037,0.0,0.23588039867109634,0.8035814985588865,False
NORM,SR,M6,S4D,D5,MIMIC-IV-ECG,0.2,0.8,raw,301,298,269,32,0.8073089700996677,0.895910780669145,0.0625,0.893687707641196,0.893687707641196,0.10631229235880399,0.0,0.1934535977455707,False
NORM,SR,M6,S4D,D5,MIMIC-IV-ECG,0.2,0.8,platt,301,298,269,32,0.8073089700996677,0.895910780669145,0.0625,0.893687707641196,0.893687707641196,0.10631229235880399,0.0,0.1889395680346323,False
NORM,SR,M6,S4D,D5,MIMIC-IV-ECG,0.2,0.8,isotonic,301,298,269,32,0.8737541528239202,0.9702602230483272,0.0625,0.973421926910299,0.973421926910299,0.026578073089700997,0.0,0.34782608695652173,False
NORM,SR,M6,S4D,D5,MIMIC-IV-ECG,0.2,0.8,temperature,301,298,269,32,0.8073089700996677,0.895910780669145,0.0625,0.893687707641196,0.893687707641196,0.10631229235880399,0.0,0.23196980342698936,False
