endpoint,dataset,model,method,integrated_nb,integrated_vs_treat_all,nb_at_0.10,nb_at_0.15,nb_at_0.20
MI,PTB-XL,MERL,raw,0.010024,0.024559,0.059086,0.041117,0.029264
MI,PTB-XL,MERL,isotonic,0.009828,0.024363,0.051654,0.040331,0.029264
MI,PTB-XL,MERL,platt,0.009949,0.024484,0.050167,0.042298,0.026756
MI,PTB-XL,MERL,treat_all,-0.014535,0.0,0.037533,-0.019083,-0.082776
MI,PTB-XL,MERL,treat_none,0.0,0.014535,0.0,0.0,0.0
MI,PTB-XL,ST-MEM,raw,0.012404,0.026939,0.065775,0.052331,0.047659
MI,PTB-XL,ST-MEM,isotonic,0.012294,0.026828,0.060944,0.046233,0.041806
MI,PTB-XL,ST-MEM,platt,0.012037,0.026571,0.060944,0.049774,0.038462
MI,PTB-XL,ST-MEM,treat_all,-0.014535,0.0,0.037533,-0.019083,-0.082776
MI,PTB-XL,ST-MEM,treat_none,0.0,0.014535,0.0,0.0,0.0
MI,PTB-XL,HuBERT-ECG,raw,0.011989,0.026523,0.061687,0.049774,0.046823
MI,PTB-XL,HuBERT-ECG,isotonic,0.01234,0.026874,0.066518,0.049774,0.038462
MI,PTB-XL,HuBERT-ECG,platt,0.012265,0.0268,0.061315,0.054299,0.040134
MI,PTB-XL,HuBERT-ECG,treat_all,-0.014535,0.0,0.037533,-0.019083,-0.082776
MI,PTB-XL,HuBERT-ECG,treat_none,0.0,0.014535,0.0,0.0,0.0
MI,PTB-XL,ECGFM-KED,raw,0.010319,0.024853,0.060944,0.043085,0.0301
MI,PTB-XL,ECGFM-KED,isotonic,0.010567,0.025101,0.061687,0.041117,0.037625
MI,PTB-XL,ECGFM-KED,platt,0.010611,0.025145,0.06243,0.048003,0.041806
MI,PTB-XL,ECGFM-KED,treat_all,-0.014535,0.0,0.037533,-0.019083,-0.082776
MI,PTB-XL,ECGFM-KED,treat_none,0.0,0.014535,0.0,0.0,0.0
MI,PTB-XL,ECG-FM,raw,0.015675,0.03021,0.085098,0.067086,0.049331
MI,PTB-XL,ECG-FM,isotonic,0.014121,0.028656,0.081011,0.068857,0.056856
MI,PTB-XL,ECG-FM,platt,0.015323,0.029857,0.081754,0.065512,0.059365
MI,PTB-XL,ECG-FM,treat_all,-0.014535,0.0,0.037533,-0.019083,-0.082776
MI,PTB-XL,ECG-FM,treat_none,0.0,0.014535,0.0,0.0,0.0
MI,PTB-XL,S4D,raw,0.01269,0.027224,0.070977,0.051741,0.036789
MI,PTB-XL,S4D,isotonic,0.011137,0.025671,0.072092,0.053512,0.034281
MI,PTB-XL,S4D,platt,0.013114,0.027649,0.075065,0.057446,0.048495
MI,PTB-XL,S4D,treat_all,-0.014535,0.0,0.037533,-0.019083,-0.082776
MI,PTB-XL,S4D,treat_none,0.0,0.014535,0.0,0.0,0.0
MI,MIMIC-IV-ECG,MERL,raw,0.026858,0.019343,0.134736,0.110807,0.097176
MI,MIMIC-IV-ECG,MERL,isotonic,0.025821,0.018306,0.131414,0.113543,0.096346
MI,MIMIC-IV-ECG,MERL,platt,0.026487,0.018972,0.117756,0.111198,0.098837
MI,MIMIC-IV-ECG,MERL,treat_all,0.007515,0.0,0.117756,0.065859,0.007475
MI,MIMIC-IV-ECG,MERL,treat_none,0.0,-0.007515,0.0,0.0,0.0
MI,MIMIC-IV-ECG,ST-MEM,raw,0.024366,0.016851,0.11997,0.10514,0.08887
MI,MIMIC-IV-ECG,ST-MEM,isotonic,0.024606,0.017091,0.130306,0.102208,0.075581
MI,MIMIC-IV-ECG,ST-MEM,platt,0.024384,0.016869,0.117756,0.107485,0.08887
MI,MIMIC-IV-ECG,ST-MEM,treat_all,0.007515,0.0,0.117756,0.065859,0.007475
MI,MIMIC-IV-ECG,ST-MEM,treat_none,0.0,-0.007515,0.0,0.0,0.0
MI,MIMIC-IV-ECG,HuBERT-ECG,raw,0.019193,0.011678,0.110373,0.085988,0.063123
MI,MIMIC-IV-ECG,HuBERT-ECG,isotonic,0.021552,0.014037,0.128092,0.096736,0.071429
MI,MIMIC-IV-ECG,HuBERT-ECG,platt,0.021239,0.013724,0.117756,0.101817,0.063123
MI,MIMIC-IV-ECG,HuBERT-ECG,treat_all,0.007515,0.0,0.117756,0.065859,0.007475
MI,MIMIC-IV-ECG,HuBERT-ECG,treat_none,0.0,-0.007515,0.0,0.0,0.0
MI,MIMIC-IV-ECG,ECGFM-KED,raw,0.027622,0.020108,0.13289,0.11452,0.100498
MI,MIMIC-IV-ECG,ECGFM-KED,isotonic,0.024703,0.017188,0.124031,0.092046,0.097176
MI,MIMIC-IV-ECG,ECGFM-KED,platt,0.026694,0.019179,0.128092,0.11452,0.102159
MI,MIMIC-IV-ECG,ECGFM-KED,treat_all,0.007515,0.0,0.117756,0.065859,0.007475
MI,MIMIC-IV-ECG,ECGFM-KED,treat_none,0.0,-0.007515,0.0,0.0,0.0
MI,MIMIC-IV-ECG,ECG-FM,raw,0.023044,0.01553,0.117017,0.099668,0.081395
MI,MIMIC-IV-ECG,ECG-FM,isotonic,0.022276,0.014762,0.11997,0.093219,0.070598
MI,MIMIC-IV-ECG,ECG-FM,platt,0.023528,0.016014,0.117756,0.100449,0.081395
MI,MIMIC-IV-ECG,ECG-FM,treat_all,0.007515,0.0,0.117756,0.065859,0.007475
MI,MIMIC-IV-ECG,ECG-FM,treat_none,0.0,-0.007515,0.0,0.0,0.0
MI,MIMIC-IV-ECG,S4D,raw,0.026256,0.018741,0.139166,0.118624,0.098837
MI,MIMIC-IV-ECG,S4D,isotonic,0.026691,0.019177,0.14175,0.123901,0.102159
MI,MIMIC-IV-ECG,S4D,platt,0.024786,0.017271,0.116279,0.116279,0.095515
MI,MIMIC-IV-ECG,S4D,treat_all,0.007515,0.0,0.117756,0.065859,0.007475
MI,MIMIC-IV-ECG,S4D,treat_none,0.0,-0.007515,0.0,0.0,0.0
AF,CODE-15%,MERL,raw,0.000245,0.183007,0.002878,0.002261,0.001671
AF,CODE-15%,MERL,isotonic,0.000266,0.183028,0.002506,0.00231,0.000835
AF,CODE-15%,MERL,platt,0.000493,0.183255,0.003156,0.00285,0.002297
AF,CODE-15%,MERL,treat_all,-0.182762,0.0,-0.095331,-0.159762,-0.232247
AF,CODE-15%,MERL,treat_none,0.0,0.182762,0.0,0.0,0.0
AF,CODE-15%,ST-MEM,raw,0.003698,0.18646,0.010675,0.010516,0.009398
AF,CODE-15%,ST-MEM,isotonic,0.00368,0.186442,0.011046,0.009828,0.008772
AF,CODE-15%,ST-MEM,platt,0.003217,0.185979,0.008726,0.008453,0.008145
AF,CODE-15%,ST-MEM,treat_all,-0.182762,0.0,-0.095331,-0.159762,-0.232247
AF,CODE-15%,ST-MEM,treat_none,0.0,0.182762,0.0,0.0,0.0
AF,CODE-15%,HuBERT-ECG,raw,-0.000924,0.181838,0.0013,-0.000147,-0.001253
AF,CODE-15%,HuBERT-ECG,isotonic,-0.000349,0.182413,0.001114,-0.001671,0.000627
AF,CODE-15%,HuBERT-ECG,platt,0.000513,0.183275,0.002878,0.002408,0.00188
AF,CODE-15%,HuBERT-ECG,treat_all,-0.182762,0.0,-0.095331,-0.159762,-0.232247
AF,CODE-15%,HuBERT-ECG,treat_none,0.0,0.182762,0.0,0.0,0.0
AF,CODE-15%,ECG-FM,raw,-0.002161,0.180601,-0.002785,-0.003735,-0.004386
AF,CODE-15%,ECG-FM,isotonic,-0.000285,0.182477,-0.003063,-0.003637,0.0
AF,CODE-15%,ECG-FM,platt,-0.000784,0.181978,-0.001021,-0.001179,-0.001462
AF,CODE-15%,ECG-FM,treat_all,-0.182762,0.0,-0.095331,-0.159762,-0.232247
AF,CODE-15%,ECG-FM,treat_none,0.0,0.182762,0.0,0.0,0.0
AF,CODE-15%,S4D,raw,-0.000228,0.182534,-0.001949,-0.001032,-0.000627
AF,CODE-15%,S4D,isotonic,-7.4e-05,0.182688,-0.001392,0.0,0.0
AF,CODE-15%,S4D,platt,-0.0,0.182761,0.0,0.0,0.0
AF,CODE-15%,S4D,treat_all,-0.182762,0.0,-0.095331,-0.159762,-0.232247
AF,CODE-15%,S4D,treat_none,0.0,0.182762,0.0,0.0,0.0
AF,CPSC2018,MERL,raw,0.054081,0.145724,0.134174,0.129457,0.126334
AF,CPSC2018,MERL,isotonic,0.053447,0.14509,0.135898,0.131568,0.126576
AF,CPSC2018,MERL,platt,0.053852,0.145495,0.134928,0.131397,0.129728
AF,CPSC2018,MERL,treat_all,-0.091643,0.0,0.062399,0.007246,-0.054801
AF,CPSC2018,MERL,treat_none,0.0,0.091643,0.0,0.0,0.0
AF,CPSC2018,ST-MEM,raw,0.061764,0.153407,0.143119,0.142009,0.140883
AF,CPSC2018,ST-MEM,isotonic,0.061393,0.153036,0.143011,0.141439,0.138943
AF,CPSC2018,ST-MEM,platt,0.061796,0.153439,0.144197,0.141895,0.140398
AF,CPSC2018,ST-MEM,treat_all,-0.091643,0.0,0.062399,0.007246,-0.054801
AF,CPSC2018,ST-MEM,treat_none,0.0,0.091643,0.0,0.0,0.0
AF,CPSC2018,HuBERT-ECG,raw,0.047621,0.139264,0.123936,0.119073,0.115179
AF,CPSC2018,HuBERT-ECG,isotonic,0.047075,0.138717,0.126307,0.117875,0.1113
AF,CPSC2018,HuBERT-ECG,platt,0.047801,0.139444,0.12469,0.119929,0.116392
AF,CPSC2018,HuBERT-ECG,treat_all,-0.091643,0.0,0.062399,0.007246,-0.054801
AF,CPSC2018,HuBERT-ECG,treat_none,0.0,0.091643,0.0,0.0,0.0
AF,CPSC2018,ECGFM-KED,raw,0.026706,0.118349,0.098179,0.081588,0.071775
AF,CPSC2018,ECGFM-KED,isotonic,0.026337,0.11798,0.098394,0.083814,0.071048
AF,CPSC2018,ECGFM-KED,platt,0.026634,0.118277,0.098825,0.082216,0.07129
AF,CPSC2018,ECGFM-KED,treat_all,-0.091643,0.0,0.062399,0.007246,-0.054801
AF,CPSC2018,ECGFM-KED,treat_none,0.0,0.091643,0.0,0.0,0.0
AF,CPSC2018,ECG-FM,raw,0.031535,0.123178,0.107016,0.095681,0.085354
AF,CPSC2018,ECG-FM,isotonic,0.031269,0.122912,0.106477,0.08581,0.082202
AF,CPSC2018,ECG-FM,platt,0.030865,0.122507,0.107447,0.095624,0.082687
AF,CPSC2018,ECG-FM,treat_all,-0.091643,0.0,0.062399,0.007246,-0.054801
AF,CPSC2018,ECG-FM,treat_none,0.0,0.091643,0.0,0.0,0.0
AF,CPSC2018,S4D,raw,0.018797,0.110439,0.084492,0.063388,0.049709
AF,CPSC2018,S4D,isotonic,0.018274,0.109917,0.08072,0.067154,0.053346
AF,CPSC2018,S4D,platt,0.018309,0.109952,0.075224,0.064928,0.053589
AF,CPSC2018,S4D,treat_all,-0.091643,0.0,0.062399,0.007246,-0.054801
AF,CPSC2018,S4D,treat_none,0.0,0.091643,0.0,0.0,0.0
AF,MIMIC-IV-ECG,MERL,raw,0.030466,0.137044,0.0945,0.084815,0.07392
AF,MIMIC-IV-ECG,MERL,isotonic,0.029862,0.13644,0.097084,0.089701,0.080565
AF,MIMIC-IV-ECG,MERL,platt,0.029183,0.135762,0.08601,0.075826,0.072259
AF,MIMIC-IV-ECG,MERL,treat_all,-0.106579,0.0,0.036545,-0.020129,-0.083887
AF,MIMIC-IV-ECG,MERL,treat_none,0.0,0.106579,0.0,0.0,0.0
AF,MIMIC-IV-ECG,ST-MEM,raw,0.038308,0.144887,0.101144,0.092632,0.083887
AF,MIMIC-IV-ECG,ST-MEM,isotonic,0.039615,0.146194,0.104467,0.08462,0.084718
AF,MIMIC-IV-ECG,ST-MEM,platt,0.038646,0.145225,0.090439,0.090092,0.08887
AF,MIMIC-IV-ECG,ST-MEM,treat_all,-0.106579,0.0,0.036545,-0.020129,-0.083887
AF,MIMIC-IV-ECG,ST-MEM,treat_none,0.0,0.106579,0.0,0.0,0.0
AF,MIMIC-IV-ECG,HuBERT-ECG,raw,0.017829,0.124408,0.064599,0.053352,0.049003
AF,MIMIC-IV-ECG,HuBERT-ECG,isotonic,0.019765,0.126344,0.057217,0.051788,0.045681
AF,MIMIC-IV-ECG,HuBERT-ECG,platt,0.018621,0.1252,0.058324,0.05257,0.041528
AF,MIMIC-IV-ECG,HuBERT-ECG,treat_all,-0.106579,0.0,0.036545,-0.020129,-0.083887
AF,MIMIC-IV-ECG,HuBERT-ECG,treat_none,0.0,0.106579,0.0,0.0,0.0
AF,MIMIC-IV-ECG,ECGFM-KED,raw,0.003634,0.110212,0.04725,0.029509,0.023256
AF,MIMIC-IV-ECG,ECGFM-KED,isotonic,0.00065,0.107229,0.040236,0.030096,0.019934
AF,MIMIC-IV-ECG,ECGFM-KED,platt,0.002254,0.108832,0.041344,0.016416,0.005814
AF,MIMIC-IV-ECG,ECGFM-KED,treat_all,-0.106579,0.0,0.036545,-0.020129,-0.083887
AF,MIMIC-IV-ECG,ECGFM-KED,treat_none,0.0,0.106579,0.0,0.0,0.0
AF,MIMIC-IV-ECG,ECG-FM,raw,0.011348,0.117927,0.056109,0.040063,0.032392
AF,MIMIC-IV-ECG,ECG-FM,isotonic,0.010762,0.11734,0.050572,0.041235,0.030731
AF,MIMIC-IV-ECG,ECG-FM,platt,0.012057,0.118636,0.049465,0.036936,0.02907
AF,MIMIC-IV-ECG,ECG-FM,treat_all,-0.106579,0.0,0.036545,-0.020129,-0.083887
AF,MIMIC-IV-ECG,ECG-FM,treat_none,0.0,0.106579,0.0,0.0,0.0
AF,MIMIC-IV-ECG,S4D,raw,0.007588,0.114167,0.06017,0.033809,0.024917
AF,MIMIC-IV-ECG,S4D,isotonic,0.006048,0.112627,0.057586,0.029314,0.002492
AF,MIMIC-IV-ECG,S4D,platt,0.004596,0.111174,0.037283,0.003127,0.005814
AF,MIMIC-IV-ECG,S4D,treat_all,-0.106579,0.0,0.036545,-0.020129,-0.083887
AF,MIMIC-IV-ECG,S4D,treat_none,0.0,0.106579,0.0,0.0,0.0
