dataset_id,dataset_name,model_id,model_name,cal_size,method,auroc_mean,auroc_std,ece_ew_mean,ece_ew_std,brier_mean,brier_std
D1,PTB-XL,M2_stmem_probe,ST-MEM probe,25,isotonic,0.788114,0.023024,0.073774,0.006807,0.10916,0.005303
D1,PTB-XL,M2_stmem_probe,ST-MEM probe,25,mlp_head,0.718167,0.06342,0.199311,0.041219,0.178928,0.021803
D1,PTB-XL,M2_stmem_probe,ST-MEM probe,25,monotone_platt,0.872518,0.008274,0.080604,0.007563,0.10244,0.003855
D1,PTB-XL,M2_stmem_probe,ST-MEM probe,25,raw,0.835555,0.0,0.077066,0.0,0.101008,0.0
D1,PTB-XL,M2_stmem_probe,ST-MEM probe,50,isotonic,0.815847,0.012128,0.070471,0.009438,0.10561,0.004491
D1,PTB-XL,M2_stmem_probe,ST-MEM probe,50,mlp_head,0.796727,0.040701,0.147869,0.02881,0.138486,0.0111
D1,PTB-XL,M2_stmem_probe,ST-MEM probe,50,monotone_platt,0.879274,0.0,0.067975,0.006422,0.094866,0.002468
D1,PTB-XL,M2_stmem_probe,ST-MEM probe,50,raw,0.835555,0.0,0.077066,0.0,0.101008,0.0
D1,PTB-XL,M2_stmem_probe,ST-MEM probe,75,isotonic,0.825392,0.0049,0.056532,0.013986,0.10205,0.003663
D1,PTB-XL,M2_stmem_probe,ST-MEM probe,75,mlp_head,0.776178,0.052136,0.132957,0.026285,0.133679,0.010947
D1,PTB-XL,M2_stmem_probe,ST-MEM probe,75,monotone_platt,0.879274,0.0,0.06485,0.006847,0.093777,0.003659
D1,PTB-XL,M2_stmem_probe,ST-MEM probe,75,raw,0.835555,0.0,0.077066,0.0,0.101008,0.0
D1,PTB-XL,M2_stmem_probe,ST-MEM probe,100,isotonic,0.815859,0.011096,0.044132,0.005733,0.100403,0.002713
D1,PTB-XL,M2_stmem_probe,ST-MEM probe,100,mlp_head,0.830108,0.016783,0.099387,0.015181,0.115268,0.004511
D1,PTB-XL,M2_stmem_probe,ST-MEM probe,100,monotone_platt,0.879274,0.0,0.059707,0.004065,0.091381,0.001467
D1,PTB-XL,M2_stmem_probe,ST-MEM probe,100,raw,0.835555,0.0,0.077066,0.0,0.101008,0.0
D1,PTB-XL,M2_stmem_probe,ST-MEM probe,150,isotonic,0.824977,0.005819,0.04342,0.003323,0.098279,0.001372
D1,PTB-XL,M2_stmem_probe,ST-MEM probe,150,mlp_head,0.84864,0.011654,0.080984,0.007619,0.107623,0.00245
D1,PTB-XL,M2_stmem_probe,ST-MEM probe,150,monotone_platt,0.879274,0.0,0.057175,0.003023,0.089892,0.001298
D1,PTB-XL,M2_stmem_probe,ST-MEM probe,150,raw,0.835555,0.0,0.077066,0.0,0.101008,0.0
D1,PTB-XL,M2_stmem_probe,ST-MEM probe,200,isotonic,0.825227,0.000865,0.041077,0.001181,0.096955,0.000124
D1,PTB-XL,M2_stmem_probe,ST-MEM probe,200,mlp_head,0.854802,0.006224,0.083419,0.007734,0.10546,0.002746
D1,PTB-XL,M2_stmem_probe,ST-MEM probe,200,monotone_platt,0.879274,0.0,0.049341,0.001007,0.088795,5.2e-05
D1,PTB-XL,M2_stmem_probe,ST-MEM probe,200,raw,0.835555,0.0,0.077066,0.0,0.101008,0.0
D1,PTB-XL,M6_s4d_configured,Configured S4D,25,isotonic,0.712038,0.022871,0.117977,0.019001,0.162957,0.009537
D1,PTB-XL,M6_s4d_configured,Configured S4D,25,mlp_head,0.6934,0.025566,0.176177,0.038647,0.185645,0.016653
D1,PTB-XL,M6_s4d_configured,Configured S4D,25,monotone_platt,0.738733,0.00012,0.109482,0.01798,0.163996,0.009087
D1,PTB-XL,M6_s4d_configured,Configured S4D,25,monotone_temperature,0.754725,0.000333,0.082896,0.000596,0.14566,0.000731
D1,PTB-XL,M6_s4d_configured,Configured S4D,25,raw,0.753286,0.0,0.090232,0.0,0.14823,0.0
D1,PTB-XL,M6_s4d_configured,Configured S4D,50,isotonic,0.722642,0.018507,0.10006,0.017213,0.155377,0.005159
D1,PTB-XL,M6_s4d_configured,Configured S4D,50,mlp_head,0.709427,0.057397,0.154506,0.039278,0.172727,0.015959
D1,PTB-XL,M6_s4d_configured,Configured S4D,50,monotone_platt,0.738818,0.0,0.079625,0.011648,0.150608,0.003055
D1,PTB-XL,M6_s4d_configured,Configured S4D,50,raw,0.753286,0.0,0.090232,0.0,0.14823,0.0
D1,PTB-XL,M6_s4d_configured,Configured S4D,75,isotonic,0.714645,0.018759,0.076039,0.015647,0.150006,0.004272
D1,PTB-XL,M6_s4d_configured,Configured S4D,75,mlp_head,0.733542,0.012212,0.111925,0.023692,0.158152,0.009482
D1,PTB-XL,M6_s4d_configured,Configured S4D,75,monotone_platt,0.738818,0.0,0.072239,0.005324,0.147647,0.001753
D1,PTB-XL,M6_s4d_configured,Configured S4D,75,monotone_temperature,0.754771,0.0,0.079656,0.0,0.144642,0.0
D1,PTB-XL,M6_s4d_configured,Configured S4D,75,raw,0.753286,0.0,0.090232,0.0,0.14823,0.0
D1,PTB-XL,M6_s4d_configured,Configured S4D,100,isotonic,0.733908,0.004996,0.081014,0.007802,0.151122,0.003465
D1,PTB-XL,M6_s4d_configured,Configured S4D,100,mlp_head,0.737595,0.001055,0.092669,0.015145,0.152092,0.003976
D1,PTB-XL,M6_s4d_configured,Configured S4D,100,monotone_platt,0.738818,0.0,0.081839,0.005849,0.150086,0.001942
D1,PTB-XL,M6_s4d_configured,Configured S4D,100,raw,0.753286,0.0,0.090232,0.0,0.14823,0.0
D1,PTB-XL,M6_s4d_configured,Configured S4D,150,isotonic,0.740269,0.00243,0.07161,0.005719,0.145735,0.001346
D1,PTB-XL,M6_s4d_configured,Configured S4D,150,mlp_head,0.745868,0.005875,0.078047,0.008628,0.146785,0.002253
D1,PTB-XL,M6_s4d_configured,Configured S4D,150,monotone_platt,0.738818,0.0,0.072152,0.004495,0.148566,0.001101
D1,PTB-XL,M6_s4d_configured,Configured S4D,150,raw,0.753286,0.0,0.090232,0.0,0.14823,0.0
D1,PTB-XL,M6_s4d_configured,Configured S4D,200,isotonic,0.742546,0.000453,0.067673,0.001559,0.144612,6.6e-05
D1,PTB-XL,M6_s4d_configured,Configured S4D,200,mlp_head,0.737902,0.005571,0.079193,0.005676,0.147621,0.001701
D1,PTB-XL,M6_s4d_configured,Configured S4D,200,monotone_platt,0.738818,0.0,0.07587,0.005023,0.14716,0.000279
D1,PTB-XL,M6_s4d_configured,Configured S4D,200,raw,0.753286,0.0,0.090232,0.0,0.14823,0.0
D3,CODE-15%,M2_stmem_probe,ST-MEM probe,25,isotonic,0.89224,0.029705,0.059622,0.022163,0.045816,0.00922
D3,CODE-15%,M2_stmem_probe,ST-MEM probe,25,mlp_head,0.629992,0.13773,0.214038,0.118652,0.145604,0.062582
D3,CODE-15%,M2_stmem_probe,ST-MEM probe,25,monotone_platt,0.986146,0.00148,0.038893,0.007774,0.030153,0.004414
D3,CODE-15%,M2_stmem_probe,ST-MEM probe,25,raw,0.952294,0.0,0.090325,0.0,0.06591,0.0
D3,CODE-15%,M2_stmem_probe,ST-MEM probe,50,isotonic,0.896334,0.018874,0.043196,0.005825,0.040523,0.001916
D3,CODE-15%,M2_stmem_probe,ST-MEM probe,50,mlp_head,0.783,0.030262,0.092959,0.011898,0.074534,0.009557
D3,CODE-15%,M2_stmem_probe,ST-MEM probe,50,monotone_platt,0.984823,0.002992,0.040594,0.007448,0.032303,0.004458
D3,CODE-15%,M2_stmem_probe,ST-MEM probe,50,raw,0.952294,0.0,0.090325,0.0,0.06591,0.0
D3,CODE-15%,M2_stmem_probe,ST-MEM probe,75,isotonic,0.891231,0.005263,0.036268,0.005709,0.035757,0.001974
D3,CODE-15%,M2_stmem_probe,ST-MEM probe,75,mlp_head,0.819504,0.046325,0.086347,0.019484,0.068918,0.006159
D3,CODE-15%,M2_stmem_probe,ST-MEM probe,75,monotone_platt,0.986869,0.000115,0.031748,0.003115,0.024203,0.001652
D3,CODE-15%,M2_stmem_probe,ST-MEM probe,75,raw,0.952294,0.0,0.090325,0.0,0.06591,0.0
D3,CODE-15%,M2_stmem_probe,ST-MEM probe,100,isotonic,0.9105,0.015014,0.030481,0.003486,0.033927,0.001867
D3,CODE-15%,M2_stmem_probe,ST-MEM probe,100,mlp_head,0.876311,0.029722,0.073474,0.008688,0.053244,0.00321
D3,CODE-15%,M2_stmem_probe,ST-MEM probe,100,monotone_platt,0.986953,5.1e-05,0.030324,0.002402,0.022319,0.001655
D3,CODE-15%,M2_stmem_probe,ST-MEM probe,100,raw,0.952294,0.0,0.090325,0.0,0.06591,0.0
D3,CODE-15%,M2_stmem_probe,ST-MEM probe,150,isotonic,0.917161,0.004677,0.029397,0.000407,0.033224,0.001189
D3,CODE-15%,M2_stmem_probe,ST-MEM probe,150,mlp_head,0.934968,0.023071,0.060969,0.003864,0.042929,0.006044
D3,CODE-15%,M2_stmem_probe,ST-MEM probe,150,monotone_platt,0.986927,0.0,0.028916,0.001577,0.02097,0.0002
D3,CODE-15%,M2_stmem_probe,ST-MEM probe,150,raw,0.952294,0.0,0.090325,0.0,0.06591,0.0
D3,CODE-15%,M2_stmem_probe,ST-MEM probe,200,isotonic,0.922207,0.00024,0.026227,0.00011,0.0324,5.8e-05
D3,CODE-15%,M2_stmem_probe,ST-MEM probe,200,mlp_head,0.934116,0.029439,0.062461,0.00573,0.044923,0.004163
D3,CODE-15%,M2_stmem_probe,ST-MEM probe,200,monotone_platt,0.986927,0.0,0.028846,0.000141,0.020684,3.2e-05
D3,CODE-15%,M2_stmem_probe,ST-MEM probe,200,raw,0.952294,0.0,0.090325,0.0,0.06591,0.0
D3,CODE-15%,M6_s4d_configured,Configured S4D,25,isotonic,0.574171,0.017489,0.093449,0.019274,0.096332,0.012394
D3,CODE-15%,M6_s4d_configured,Configured S4D,25,mlp_head,0.513678,0.031692,0.246469,0.03923,0.150345,0.017618
D3,CODE-15%,M6_s4d_configured,Configured S4D,25,monotone_temperature,0.579946,0.001054,0.084413,0.000491,0.082628,5.5e-05
D3,CODE-15%,M6_s4d_configured,Configured S4D,25,raw,0.582249,0.0,0.08687,0.0,0.08543,0.0
D3,CODE-15%,M6_s4d_configured,Configured S4D,50,isotonic,0.571529,0.009533,0.065629,0.015674,0.088177,0.008243
D3,CODE-15%,M6_s4d_configured,Configured S4D,50,mlp_head,0.51052,0.022083,0.166629,0.065941,0.116712,0.032594
D3,CODE-15%,M6_s4d_configured,Configured S4D,50,monotone_temperature,0.578774,0.002225,0.084676,0.000681,0.082972,0.000645
D3,CODE-15%,M6_s4d_configured,Configured S4D,50,raw,0.582249,0.0,0.08687,0.0,0.08543,0.0
D3,CODE-15%,M6_s4d_configured,Configured S4D,75,isotonic,0.572253,0.00847,0.041169,0.007456,0.07786,0.001153
D3,CODE-15%,M6_s4d_configured,Configured S4D,75,mlp_head,0.50057,0.020719,0.098236,0.026527,0.091941,0.006574
D3,CODE-15%,M6_s4d_configured,Configured S4D,75,monotone_temperature,0.577474,0.001367,0.084964,0.000576,0.082833,0.000537
D3,CODE-15%,M6_s4d_configured,Configured S4D,75,raw,0.582249,0.0,0.08687,0.0,0.08543,0.0
D3,CODE-15%,M6_s4d_configured,Configured S4D,100,isotonic,0.574187,0.021532,0.043076,0.006413,0.079621,0.002494
D3,CODE-15%,M6_s4d_configured,Configured S4D,100,mlp_head,0.505526,0.027431,0.047946,0.011996,0.079895,0.001271
D3,CODE-15%,M6_s4d_configured,Configured S4D,100,monotone_temperature,0.576526,0.000441,0.084676,0.000477,0.082684,0.000136
D3,CODE-15%,M6_s4d_configured,Configured S4D,100,raw,0.582249,0.0,0.08687,0.0,0.08543,0.0
D3,CODE-15%,M6_s4d_configured,Configured S4D,150,isotonic,0.568635,0.009864,0.040579,0.002937,0.077572,0.000636
D3,CODE-15%,M6_s4d_configured,Configured S4D,150,mlp_head,0.49898,0.008111,0.033415,0.007141,0.078274,0.000629
D3,CODE-15%,M6_s4d_configured,Configured S4D,150,monotone_temperature,0.576098,0.000557,0.084811,0.000324,0.082546,2.5e-05
D3,CODE-15%,M6_s4d_configured,Configured S4D,150,raw,0.582249,0.0,0.08687,0.0,0.08543,0.0
D3,CODE-15%,M6_s4d_configured,Configured S4D,200,isotonic,0.564793,0.001923,0.03763,0.000504,0.076567,2.9e-05
D3,CODE-15%,M6_s4d_configured,Configured S4D,200,mlp_head,0.491725,0.026885,0.032411,0.013036,0.078444,0.002062
D3,CODE-15%,M6_s4d_configured,Configured S4D,200,monotone_temperature,0.575598,1.8e-05,0.084804,1e-06,0.082555,0.0
D3,CODE-15%,M6_s4d_configured,Configured S4D,200,raw,0.582249,0.0,0.08687,0.0,0.08543,0.0
