dataset_id,dataset_name,model_id,model_name,cal_size,rep,method,auroc,ece_ew,brier
D1,PTB-XL,M6_s4d_configured,Configured S4D,25,0,raw,0.753286,0.090232,0.14823
D1,PTB-XL,M6_s4d_configured,Configured S4D,25,0,monotone_platt,0.738564,0.10966,0.164288
D1,PTB-XL,M6_s4d_configured,Configured S4D,25,0,isotonic,0.736364,0.130753,0.179096
D1,PTB-XL,M6_s4d_configured,Configured S4D,25,0,mlp_head,0.661628,0.20316,0.199779
D1,PTB-XL,M6_s4d_configured,Configured S4D,25,1,raw,0.753286,0.090232,0.14823
D1,PTB-XL,M6_s4d_configured,Configured S4D,25,1,monotone_temperature,0.755058,0.0823,0.146392
D1,PTB-XL,M6_s4d_configured,Configured S4D,25,1,isotonic,0.727249,0.086391,0.151884
D1,PTB-XL,M6_s4d_configured,Configured S4D,25,1,mlp_head,0.686634,0.158372,0.180109
D1,PTB-XL,M6_s4d_configured,Configured S4D,25,2,raw,0.753286,0.090232,0.14823
D1,PTB-XL,M6_s4d_configured,Configured S4D,25,2,monotone_platt,0.738818,0.131414,0.174976
D1,PTB-XL,M6_s4d_configured,Configured S4D,25,2,isotonic,0.669767,0.140782,0.167232
D1,PTB-XL,M6_s4d_configured,Configured S4D,25,2,mlp_head,0.735052,0.111717,0.1579
D1,PTB-XL,M6_s4d_configured,Configured S4D,25,3,raw,0.753286,0.090232,0.14823
D1,PTB-XL,M6_s4d_configured,Configured S4D,25,3,monotone_platt,0.738818,0.087373,0.152724
D1,PTB-XL,M6_s4d_configured,Configured S4D,25,3,isotonic,0.714355,0.108359,0.156079
D1,PTB-XL,M6_s4d_configured,Configured S4D,25,3,mlp_head,0.707224,0.184585,0.18514
D1,PTB-XL,M6_s4d_configured,Configured S4D,25,4,raw,0.753286,0.090232,0.14823
D1,PTB-XL,M6_s4d_configured,Configured S4D,25,4,monotone_temperature,0.754392,0.083492,0.144929
D1,PTB-XL,M6_s4d_configured,Configured S4D,25,4,isotonic,0.712457,0.123601,0.160492
D1,PTB-XL,M6_s4d_configured,Configured S4D,25,4,mlp_head,0.676463,0.223049,0.205295
D1,PTB-XL,M6_s4d_configured,Configured S4D,50,0,raw,0.753286,0.090232,0.14823
D1,PTB-XL,M6_s4d_configured,Configured S4D,50,0,monotone_platt,0.738818,0.085713,0.153046
D1,PTB-XL,M6_s4d_configured,Configured S4D,50,0,isotonic,0.735495,0.104473,0.156709
D1,PTB-XL,M6_s4d_configured,Configured S4D,50,0,mlp_head,0.74345,0.126562,0.158952
D1,PTB-XL,M6_s4d_configured,Configured S4D,50,1,raw,0.753286,0.090232,0.14823
D1,PTB-XL,M6_s4d_configured,Configured S4D,50,1,monotone_platt,0.738818,0.084317,0.150815
D1,PTB-XL,M6_s4d_configured,Configured S4D,50,1,isotonic,0.73667,0.111202,0.158425
D1,PTB-XL,M6_s4d_configured,Configured S4D,50,1,mlp_head,0.743272,0.108358,0.151627
D1,PTB-XL,M6_s4d_configured,Configured S4D,50,2,raw,0.753286,0.090232,0.14823
D1,PTB-XL,M6_s4d_configured,Configured S4D,50,2,monotone_platt,0.738818,0.083272,0.148544
D1,PTB-XL,M6_s4d_configured,Configured S4D,50,2,isotonic,0.731807,0.095448,0.156356
D1,PTB-XL,M6_s4d_configured,Configured S4D,50,2,mlp_head,0.727267,0.219016,0.196814
D1,PTB-XL,M6_s4d_configured,Configured S4D,50,3,raw,0.753286,0.090232,0.14823
D1,PTB-XL,M6_s4d_configured,Configured S4D,50,3,monotone_platt,0.738818,0.05657,0.14606
D1,PTB-XL,M6_s4d_configured,Configured S4D,50,3,isotonic,0.722183,0.069521,0.145394
D1,PTB-XL,M6_s4d_configured,Configured S4D,50,3,mlp_head,0.595237,0.142038,0.178226
D1,PTB-XL,M6_s4d_configured,Configured S4D,50,4,raw,0.753286,0.090232,0.14823
D1,PTB-XL,M6_s4d_configured,Configured S4D,50,4,monotone_platt,0.738818,0.088252,0.154575
D1,PTB-XL,M6_s4d_configured,Configured S4D,50,4,isotonic,0.687057,0.119654,0.16
D1,PTB-XL,M6_s4d_configured,Configured S4D,50,4,mlp_head,0.737911,0.176554,0.178018
D1,PTB-XL,M6_s4d_configured,Configured S4D,75,0,raw,0.753286,0.090232,0.14823
D1,PTB-XL,M6_s4d_configured,Configured S4D,75,0,monotone_platt,0.738818,0.072269,0.146129
D1,PTB-XL,M6_s4d_configured,Configured S4D,75,0,isotonic,0.721491,0.061214,0.145257
D1,PTB-XL,M6_s4d_configured,Configured S4D,75,0,mlp_head,0.716007,0.087648,0.150646
D1,PTB-XL,M6_s4d_configured,Configured S4D,75,1,raw,0.753286,0.090232,0.14823
D1,PTB-XL,M6_s4d_configured,Configured S4D,75,1,monotone_platt,0.738818,0.064019,0.145741
D1,PTB-XL,M6_s4d_configured,Configured S4D,75,1,isotonic,0.730109,0.064472,0.149966
D1,PTB-XL,M6_s4d_configured,Configured S4D,75,1,mlp_head,0.732012,0.105075,0.153422
D1,PTB-XL,M6_s4d_configured,Configured S4D,75,2,raw,0.753286,0.090232,0.14823
D1,PTB-XL,M6_s4d_configured,Configured S4D,75,2,monotone_platt,0.738818,0.078812,0.149855
D1,PTB-XL,M6_s4d_configured,Configured S4D,75,2,isotonic,0.736051,0.088163,0.149541
D1,PTB-XL,M6_s4d_configured,Configured S4D,75,2,mlp_head,0.744495,0.112657,0.155456
D1,PTB-XL,M6_s4d_configured,Configured S4D,75,3,raw,0.753286,0.090232,0.14823
D1,PTB-XL,M6_s4d_configured,Configured S4D,75,3,monotone_platt,0.738818,0.073857,0.148863
D1,PTB-XL,M6_s4d_configured,Configured S4D,75,3,isotonic,0.698247,0.06554,0.147405
D1,PTB-XL,M6_s4d_configured,Configured S4D,75,3,mlp_head,0.725701,0.156344,0.176845
D1,PTB-XL,M6_s4d_configured,Configured S4D,75,4,raw,0.753286,0.090232,0.14823
D1,PTB-XL,M6_s4d_configured,Configured S4D,75,4,monotone_temperature,0.754771,0.079656,0.144642
D1,PTB-XL,M6_s4d_configured,Configured S4D,75,4,isotonic,0.687326,0.100804,0.157861
D1,PTB-XL,M6_s4d_configured,Configured S4D,75,4,mlp_head,0.749493,0.097902,0.154392
D1,PTB-XL,M6_s4d_configured,Configured S4D,100,0,raw,0.753286,0.090232,0.14823
D1,PTB-XL,M6_s4d_configured,Configured S4D,100,0,monotone_platt,0.738818,0.075635,0.148773
D1,PTB-XL,M6_s4d_configured,Configured S4D,100,0,isotonic,0.742342,0.081989,0.153938
D1,PTB-XL,M6_s4d_configured,Configured S4D,100,0,mlp_head,0.737865,0.073513,0.146111
D1,PTB-XL,M6_s4d_configured,Configured S4D,100,1,raw,0.753286,0.090232,0.14823
D1,PTB-XL,M6_s4d_configured,Configured S4D,100,1,monotone_platt,0.738818,0.076682,0.148545
D1,PTB-XL,M6_s4d_configured,Configured S4D,100,1,isotonic,0.736645,0.086207,0.14846
D1,PTB-XL,M6_s4d_configured,Configured S4D,100,1,mlp_head,0.738691,0.090973,0.149721
D1,PTB-XL,M6_s4d_configured,Configured S4D,100,2,raw,0.753286,0.090232,0.14823
D1,PTB-XL,M6_s4d_configured,Configured S4D,100,2,monotone_platt,0.738818,0.079212,0.148797
D1,PTB-XL,M6_s4d_configured,Configured S4D,100,2,isotonic,0.730465,0.06576,0.146541
D1,PTB-XL,M6_s4d_configured,Configured S4D,100,2,mlp_head,0.738702,0.104928,0.155669
D1,PTB-XL,M6_s4d_configured,Configured S4D,100,3,raw,0.753286,0.090232,0.14823
D1,PTB-XL,M6_s4d_configured,Configured S4D,100,3,monotone_platt,0.738818,0.089616,0.153659
D1,PTB-XL,M6_s4d_configured,Configured S4D,100,3,isotonic,0.728548,0.086675,0.156004
D1,PTB-XL,M6_s4d_configured,Configured S4D,100,3,mlp_head,0.736362,0.114138,0.157074
D1,PTB-XL,M6_s4d_configured,Configured S4D,100,4,raw,0.753286,0.090232,0.14823
D1,PTB-XL,M6_s4d_configured,Configured S4D,100,4,monotone_platt,0.738818,0.08805,0.150655
D1,PTB-XL,M6_s4d_configured,Configured S4D,100,4,isotonic,0.731542,0.084437,0.150665
D1,PTB-XL,M6_s4d_configured,Configured S4D,100,4,mlp_head,0.736353,0.079792,0.151883
D1,PTB-XL,M6_s4d_configured,Configured S4D,150,0,raw,0.753286,0.090232,0.14823
D1,PTB-XL,M6_s4d_configured,Configured S4D,150,0,monotone_platt,0.738818,0.079127,0.148958
D1,PTB-XL,M6_s4d_configured,Configured S4D,150,0,isotonic,0.742429,0.06965,0.144552
D1,PTB-XL,M6_s4d_configured,Configured S4D,150,0,mlp_head,0.743416,0.067027,0.145443
D1,PTB-XL,M6_s4d_configured,Configured S4D,150,1,raw,0.753286,0.090232,0.14823
D1,PTB-XL,M6_s4d_configured,Configured S4D,150,1,monotone_platt,0.738818,0.067174,0.147841
D1,PTB-XL,M6_s4d_configured,Configured S4D,150,1,isotonic,0.736285,0.071185,0.148093
D1,PTB-XL,M6_s4d_configured,Configured S4D,150,1,mlp_head,0.749787,0.091675,0.147921
D1,PTB-XL,M6_s4d_configured,Configured S4D,150,2,raw,0.753286,0.090232,0.14823
D1,PTB-XL,M6_s4d_configured,Configured S4D,150,2,monotone_platt,0.738818,0.074486,0.149609
D1,PTB-XL,M6_s4d_configured,Configured S4D,150,2,isotonic,0.741271,0.076446,0.146113
D1,PTB-XL,M6_s4d_configured,Configured S4D,150,2,mlp_head,0.750841,0.070836,0.143124
D1,PTB-XL,M6_s4d_configured,Configured S4D,150,3,raw,0.753286,0.090232,0.14823
D1,PTB-XL,M6_s4d_configured,Configured S4D,150,3,monotone_platt,0.738818,0.072512,0.149631
D1,PTB-XL,M6_s4d_configured,Configured S4D,150,3,isotonic,0.742636,0.078542,0.14557
D1,PTB-XL,M6_s4d_configured,Configured S4D,150,3,mlp_head,0.749919,0.079241,0.147877
D1,PTB-XL,M6_s4d_configured,Configured S4D,150,4,raw,0.753286,0.090232,0.14823
D1,PTB-XL,M6_s4d_configured,Configured S4D,150,4,monotone_platt,0.738818,0.067461,0.146789
D1,PTB-XL,M6_s4d_configured,Configured S4D,150,4,isotonic,0.738723,0.062225,0.144345
D1,PTB-XL,M6_s4d_configured,Configured S4D,150,4,mlp_head,0.735377,0.081454,0.149558
D1,PTB-XL,M6_s4d_configured,Configured S4D,200,0,raw,0.753286,0.090232,0.14823
D1,PTB-XL,M6_s4d_configured,Configured S4D,200,0,monotone_platt,0.738818,0.07484,0.147268
D1,PTB-XL,M6_s4d_configured,Configured S4D,200,0,isotonic,0.742446,0.066662,0.144691
D1,PTB-XL,M6_s4d_configured,Configured S4D,200,0,mlp_head,0.727035,0.08064,0.150824
D1,PTB-XL,M6_s4d_configured,Configured S4D,200,1,raw,0.753286,0.090232,0.14823
D1,PTB-XL,M6_s4d_configured,Configured S4D,200,1,monotone_platt,0.738818,0.077035,0.147134
D1,PTB-XL,M6_s4d_configured,Configured S4D,200,1,isotonic,0.742103,0.068009,0.144675
D1,PTB-XL,M6_s4d_configured,Configured S4D,200,1,mlp_head,0.741379,0.087246,0.147453
D1,PTB-XL,M6_s4d_configured,Configured S4D,200,2,raw,0.753286,0.090232,0.14823
D1,PTB-XL,M6_s4d_configured,Configured S4D,200,2,monotone_platt,0.738818,0.0669,0.146664
D1,PTB-XL,M6_s4d_configured,Configured S4D,200,2,isotonic,0.742219,0.065626,0.144607
D1,PTB-XL,M6_s4d_configured,Configured S4D,200,2,mlp_head,0.740824,0.08249,0.146642
D1,PTB-XL,M6_s4d_configured,Configured S4D,200,3,raw,0.753286,0.090232,0.14823
D1,PTB-XL,M6_s4d_configured,Configured S4D,200,3,monotone_platt,0.738818,0.078833,0.147214
D1,PTB-XL,M6_s4d_configured,Configured S4D,200,3,isotonic,0.742573,0.067784,0.144573
D1,PTB-XL,M6_s4d_configured,Configured S4D,200,3,mlp_head,0.738336,0.071974,0.147338
D1,PTB-XL,M6_s4d_configured,Configured S4D,200,4,raw,0.753286,0.090232,0.14823
D1,PTB-XL,M6_s4d_configured,Configured S4D,200,4,monotone_platt,0.738818,0.081742,0.147518
D1,PTB-XL,M6_s4d_configured,Configured S4D,200,4,isotonic,0.743389,0.070283,0.144513
D1,PTB-XL,M6_s4d_configured,Configured S4D,200,4,mlp_head,0.741934,0.073613,0.145848
D1,PTB-XL,M2_stmem_probe,ST-MEM probe,25,0,raw,0.835555,0.077066,0.101008
D1,PTB-XL,M2_stmem_probe,ST-MEM probe,25,0,monotone_platt,0.862385,0.075956,0.099126
D1,PTB-XL,M2_stmem_probe,ST-MEM probe,25,0,isotonic,0.818463,0.069954,0.102011
D1,PTB-XL,M2_stmem_probe,ST-MEM probe,25,0,mlp_head,0.781936,0.254889,0.204758
D1,PTB-XL,M2_stmem_probe,ST-MEM probe,25,1,raw,0.835555,0.077066,0.101008
D1,PTB-XL,M2_stmem_probe,ST-MEM probe,25,1,monotone_platt,0.862385,0.070125,0.097779
D1,PTB-XL,M2_stmem_probe,ST-MEM probe,25,1,isotonic,0.811712,0.086708,0.1091
D1,PTB-XL,M2_stmem_probe,ST-MEM probe,25,1,mlp_head,0.73373,0.172608,0.166453
D1,PTB-XL,M2_stmem_probe,ST-MEM probe,25,2,raw,0.835555,0.077066,0.101008
D1,PTB-XL,M2_stmem_probe,ST-MEM probe,25,2,monotone_platt,0.879274,0.092714,0.105324
D1,PTB-XL,M2_stmem_probe,ST-MEM probe,25,2,isotonic,0.774088,0.074544,0.11677
D1,PTB-XL,M2_stmem_probe,ST-MEM probe,25,2,mlp_head,0.721566,0.163024,0.153835
D1,PTB-XL,M2_stmem_probe,ST-MEM probe,25,3,raw,0.835555,0.077066,0.101008
D1,PTB-XL,M2_stmem_probe,ST-MEM probe,25,3,monotone_platt,0.879274,0.083414,0.101796
D1,PTB-XL,M2_stmem_probe,ST-MEM probe,25,3,isotonic,0.758694,0.069245,0.112928
D1,PTB-XL,M2_stmem_probe,ST-MEM probe,25,3,mlp_head,0.755441,0.162097,0.164114
D1,PTB-XL,M2_stmem_probe,ST-MEM probe,25,4,raw,0.835555,0.077066,0.101008
D1,PTB-XL,M2_stmem_probe,ST-MEM probe,25,4,monotone_platt,0.879274,0.080809,0.108174
D1,PTB-XL,M2_stmem_probe,ST-MEM probe,25,4,isotonic,0.777613,0.068417,0.104991
D1,PTB-XL,M2_stmem_probe,ST-MEM probe,25,4,mlp_head,0.598162,0.243935,0.20548
D1,PTB-XL,M2_stmem_probe,ST-MEM probe,50,0,raw,0.835555,0.077066,0.101008
D1,PTB-XL,M2_stmem_probe,ST-MEM probe,50,0,monotone_platt,0.879274,0.075864,0.094835
D1,PTB-XL,M2_stmem_probe,ST-MEM probe,50,0,isotonic,0.822826,0.070608,0.104639
D1,PTB-XL,M2_stmem_probe,ST-MEM probe,50,0,mlp_head,0.723916,0.174273,0.15529
D1,PTB-XL,M2_stmem_probe,ST-MEM probe,50,1,raw,0.835555,0.077066,0.101008
D1,PTB-XL,M2_stmem_probe,ST-MEM probe,50,1,monotone_platt,0.879274,0.059889,0.095348
D1,PTB-XL,M2_stmem_probe,ST-MEM probe,50,1,isotonic,0.82566,0.063152,0.10321
D1,PTB-XL,M2_stmem_probe,ST-MEM probe,50,1,mlp_head,0.830674,0.100949,0.123194
D1,PTB-XL,M2_stmem_probe,ST-MEM probe,50,2,raw,0.835555,0.077066,0.101008
D1,PTB-XL,M2_stmem_probe,ST-MEM probe,50,2,monotone_platt,0.879274,0.063974,0.090481
D1,PTB-XL,M2_stmem_probe,ST-MEM probe,50,2,isotonic,0.827821,0.061567,0.100431
D1,PTB-XL,M2_stmem_probe,ST-MEM probe,50,2,mlp_head,0.779971,0.153319,0.144271
D1,PTB-XL,M2_stmem_probe,ST-MEM probe,50,3,raw,0.835555,0.077066,0.101008
D1,PTB-XL,M2_stmem_probe,ST-MEM probe,50,3,monotone_platt,0.879274,0.064891,0.095557
D1,PTB-XL,M2_stmem_probe,ST-MEM probe,50,3,isotonic,0.797386,0.068946,0.105963
D1,PTB-XL,M2_stmem_probe,ST-MEM probe,50,3,mlp_head,0.825359,0.178941,0.139293
D1,PTB-XL,M2_stmem_probe,ST-MEM probe,50,4,raw,0.835555,0.077066,0.101008
D1,PTB-XL,M2_stmem_probe,ST-MEM probe,50,4,monotone_platt,0.879274,0.075258,0.098108
D1,PTB-XL,M2_stmem_probe,ST-MEM probe,50,4,isotonic,0.80554,0.088083,0.113807
D1,PTB-XL,M2_stmem_probe,ST-MEM probe,50,4,mlp_head,0.823716,0.131863,0.13038
D1,PTB-XL,M2_stmem_probe,ST-MEM probe,75,0,raw,0.835555,0.077066,0.101008
D1,PTB-XL,M2_stmem_probe,ST-MEM probe,75,0,monotone_platt,0.879274,0.059367,0.089926
D1,PTB-XL,M2_stmem_probe,ST-MEM probe,75,0,isotonic,0.823137,0.038996,0.097741
D1,PTB-XL,M2_stmem_probe,ST-MEM probe,75,0,mlp_head,0.798835,0.126612,0.130475
D1,PTB-XL,M2_stmem_probe,ST-MEM probe,75,1,raw,0.835555,0.077066,0.101008
D1,PTB-XL,M2_stmem_probe,ST-MEM probe,75,1,monotone_platt,0.879274,0.062466,0.090379
D1,PTB-XL,M2_stmem_probe,ST-MEM probe,75,1,isotonic,0.825481,0.059901,0.098588
D1,PTB-XL,M2_stmem_probe,ST-MEM probe,75,1,mlp_head,0.842055,0.130848,0.126471
D1,PTB-XL,M2_stmem_probe,ST-MEM probe,75,2,raw,0.835555,0.077066,0.101008
D1,PTB-XL,M2_stmem_probe,ST-MEM probe,75,2,monotone_platt,0.879274,0.062605,0.094039
D1,PTB-XL,M2_stmem_probe,ST-MEM probe,75,2,isotonic,0.817449,0.049595,0.101841
D1,PTB-XL,M2_stmem_probe,ST-MEM probe,75,2,mlp_head,0.714886,0.13499,0.140919
D1,PTB-XL,M2_stmem_probe,ST-MEM probe,75,3,raw,0.835555,0.077066,0.101008
D1,PTB-XL,M2_stmem_probe,ST-MEM probe,75,3,monotone_platt,0.879274,0.061465,0.094435
D1,PTB-XL,M2_stmem_probe,ST-MEM probe,75,3,isotonic,0.831077,0.053151,0.10451
D1,PTB-XL,M2_stmem_probe,ST-MEM probe,75,3,mlp_head,0.810568,0.095028,0.119781
D1,PTB-XL,M2_stmem_probe,ST-MEM probe,75,4,raw,0.835555,0.077066,0.101008
D1,PTB-XL,M2_stmem_probe,ST-MEM probe,75,4,monotone_platt,0.879274,0.078348,0.100106
D1,PTB-XL,M2_stmem_probe,ST-MEM probe,75,4,isotonic,0.829814,0.081018,0.107568
D1,PTB-XL,M2_stmem_probe,ST-MEM probe,75,4,mlp_head,0.714547,0.177309,0.150748
D1,PTB-XL,M2_stmem_probe,ST-MEM probe,100,0,raw,0.835555,0.077066,0.101008
D1,PTB-XL,M2_stmem_probe,ST-MEM probe,100,0,monotone_platt,0.879274,0.055024,0.088706
D1,PTB-XL,M2_stmem_probe,ST-MEM probe,100,0,isotonic,0.823443,0.038046,0.097105
D1,PTB-XL,M2_stmem_probe,ST-MEM probe,100,0,mlp_head,0.835115,0.083907,0.112104
D1,PTB-XL,M2_stmem_probe,ST-MEM probe,100,1,raw,0.835555,0.077066,0.101008
D1,PTB-XL,M2_stmem_probe,ST-MEM probe,100,1,monotone_platt,0.879274,0.061907,0.092022
D1,PTB-XL,M2_stmem_probe,ST-MEM probe,100,1,isotonic,0.831534,0.037993,0.098975
D1,PTB-XL,M2_stmem_probe,ST-MEM probe,100,1,mlp_head,0.823598,0.094747,0.108239
D1,PTB-XL,M2_stmem_probe,ST-MEM probe,100,2,raw,0.835555,0.077066,0.101008
D1,PTB-XL,M2_stmem_probe,ST-MEM probe,100,2,monotone_platt,0.879274,0.056823,0.09139
D1,PTB-XL,M2_stmem_probe,ST-MEM probe,100,2,isotonic,0.815757,0.048169,0.099718
D1,PTB-XL,M2_stmem_probe,ST-MEM probe,100,2,mlp_head,0.800989,0.096322,0.118456
D1,PTB-XL,M2_stmem_probe,ST-MEM probe,100,3,raw,0.835555,0.077066,0.101008
D1,PTB-XL,M2_stmem_probe,ST-MEM probe,100,3,monotone_platt,0.879274,0.05832,0.091634
D1,PTB-XL,M2_stmem_probe,ST-MEM probe,100,3,isotonic,0.799574,0.052687,0.105204
D1,PTB-XL,M2_stmem_probe,ST-MEM probe,100,3,mlp_head,0.841945,0.128486,0.120722
D1,PTB-XL,M2_stmem_probe,ST-MEM probe,100,4,raw,0.835555,0.077066,0.101008
D1,PTB-XL,M2_stmem_probe,ST-MEM probe,100,4,monotone_platt,0.879274,0.066461,0.093152
D1,PTB-XL,M2_stmem_probe,ST-MEM probe,100,4,isotonic,0.808989,0.043763,0.101015
D1,PTB-XL,M2_stmem_probe,ST-MEM probe,100,4,mlp_head,0.848893,0.093475,0.116817
D1,PTB-XL,M2_stmem_probe,ST-MEM probe,150,0,raw,0.835555,0.077066,0.101008
D1,PTB-XL,M2_stmem_probe,ST-MEM probe,150,0,monotone_platt,0.879274,0.05116,0.088447
D1,PTB-XL,M2_stmem_probe,ST-MEM probe,150,0,isotonic,0.823007,0.03828,0.097892
D1,PTB-XL,M2_stmem_probe,ST-MEM probe,150,0,mlp_head,0.863001,0.084387,0.10484
D1,PTB-XL,M2_stmem_probe,ST-MEM probe,150,1,raw,0.835555,0.077066,0.101008
D1,PTB-XL,M2_stmem_probe,ST-MEM probe,150,1,monotone_platt,0.879274,0.058755,0.09052
D1,PTB-XL,M2_stmem_probe,ST-MEM probe,150,1,isotonic,0.816495,0.047847,0.099415
D1,PTB-XL,M2_stmem_probe,ST-MEM probe,150,1,mlp_head,0.853492,0.092802,0.111214
D1,PTB-XL,M2_stmem_probe,ST-MEM probe,150,2,raw,0.835555,0.077066,0.101008
D1,PTB-XL,M2_stmem_probe,ST-MEM probe,150,2,monotone_platt,0.879274,0.058332,0.088973
D1,PTB-XL,M2_stmem_probe,ST-MEM probe,150,2,isotonic,0.826542,0.042183,0.096366
D1,PTB-XL,M2_stmem_probe,ST-MEM probe,150,2,mlp_head,0.855998,0.081274,0.105023
D1,PTB-XL,M2_stmem_probe,ST-MEM probe,150,3,raw,0.835555,0.077066,0.101008
D1,PTB-XL,M2_stmem_probe,ST-MEM probe,150,3,monotone_platt,0.879274,0.059199,0.089422
D1,PTB-XL,M2_stmem_probe,ST-MEM probe,150,3,isotonic,0.834497,0.046095,0.097513
D1,PTB-XL,M2_stmem_probe,ST-MEM probe,150,3,mlp_head,0.830764,0.076281,0.10923
D1,PTB-XL,M2_stmem_probe,ST-MEM probe,150,4,raw,0.835555,0.077066,0.101008
D1,PTB-XL,M2_stmem_probe,ST-MEM probe,150,4,monotone_platt,0.879274,0.058431,0.092099
D1,PTB-XL,M2_stmem_probe,ST-MEM probe,150,4,isotonic,0.824345,0.042696,0.100209
D1,PTB-XL,M2_stmem_probe,ST-MEM probe,150,4,mlp_head,0.839946,0.070175,0.107806
D1,PTB-XL,M2_stmem_probe,ST-MEM probe,200,0,raw,0.835555,0.077066,0.101008
D1,PTB-XL,M2_stmem_probe,ST-MEM probe,200,0,monotone_platt,0.879274,0.04852,0.088865
D1,PTB-XL,M2_stmem_probe,ST-MEM probe,200,0,isotonic,0.825036,0.03881,0.096728
D1,PTB-XL,M2_stmem_probe,ST-MEM probe,200,0,mlp_head,0.851168,0.090007,0.109724
D1,PTB-XL,M2_stmem_probe,ST-MEM probe,200,1,raw,0.835555,0.077066,0.101008
D1,PTB-XL,M2_stmem_probe,ST-MEM probe,200,1,monotone_platt,0.879274,0.04809,0.088757
D1,PTB-XL,M2_stmem_probe,ST-MEM probe,200,1,isotonic,0.825044,0.041154,0.096992
D1,PTB-XL,M2_stmem_probe,ST-MEM probe,200,1,mlp_head,0.865262,0.073068,0.102461
D1,PTB-XL,M2_stmem_probe,ST-MEM probe,200,2,raw,0.835555,0.077066,0.101008
D1,PTB-XL,M2_stmem_probe,ST-MEM probe,200,2,monotone_platt,0.879274,0.049066,0.088752
D1,PTB-XL,M2_stmem_probe,ST-MEM probe,200,2,isotonic,0.825044,0.041689,0.096954
D1,PTB-XL,M2_stmem_probe,ST-MEM probe,200,2,mlp_head,0.851981,0.077821,0.107369
D1,PTB-XL,M2_stmem_probe,ST-MEM probe,200,3,raw,0.835555,0.077066,0.101008
D1,PTB-XL,M2_stmem_probe,ST-MEM probe,200,3,monotone_platt,0.879274,0.050524,0.088748
D1,PTB-XL,M2_stmem_probe,ST-MEM probe,200,3,isotonic,0.824187,0.042193,0.097104
D1,PTB-XL,M2_stmem_probe,ST-MEM probe,200,3,mlp_head,0.847552,0.082043,0.102911
D1,PTB-XL,M2_stmem_probe,ST-MEM probe,200,4,raw,0.835555,0.077066,0.101008
D1,PTB-XL,M2_stmem_probe,ST-MEM probe,200,4,monotone_platt,0.879274,0.050504,0.088853
D1,PTB-XL,M2_stmem_probe,ST-MEM probe,200,4,isotonic,0.826825,0.041539,0.096996
D1,PTB-XL,M2_stmem_probe,ST-MEM probe,200,4,mlp_head,0.858048,0.094156,0.104837
D3,CODE-15%,M6_s4d_configured,Configured S4D,25,0,raw,0.582249,0.08687,0.08543
D3,CODE-15%,M6_s4d_configured,Configured S4D,25,0,monotone_temperature,0.580473,0.084167,0.082656
D3,CODE-15%,M6_s4d_configured,Configured S4D,25,0,isotonic,0.544732,0.128228,0.118591
D3,CODE-15%,M6_s4d_configured,Configured S4D,25,0,mlp_head,0.51519,0.246271,0.160503
D3,CODE-15%,M6_s4d_configured,Configured S4D,25,1,raw,0.582249,0.08687,0.08543
D3,CODE-15%,M6_s4d_configured,Configured S4D,25,1,monotone_temperature,0.580473,0.084167,0.082656
D3,CODE-15%,M6_s4d_configured,Configured S4D,25,1,isotonic,0.59028,0.073439,0.080734
D3,CODE-15%,M6_s4d_configured,Configured S4D,25,1,mlp_head,0.539707,0.296374,0.170431
D3,CODE-15%,M6_s4d_configured,Configured S4D,25,2,raw,0.582249,0.08687,0.08543
D3,CODE-15%,M6_s4d_configured,Configured S4D,25,2,monotone_temperature,0.580473,0.084167,0.082656
D3,CODE-15%,M6_s4d_configured,Configured S4D,25,2,isotonic,0.585244,0.092858,0.092618
D3,CODE-15%,M6_s4d_configured,Configured S4D,25,2,mlp_head,0.5566,0.245305,0.147113
D3,CODE-15%,M6_s4d_configured,Configured S4D,25,3,raw,0.582249,0.08687,0.08543
D3,CODE-15%,M6_s4d_configured,Configured S4D,25,3,monotone_temperature,0.580473,0.084167,0.082656
D3,CODE-15%,M6_s4d_configured,Configured S4D,25,3,isotonic,0.563512,0.077799,0.092498
D3,CODE-15%,M6_s4d_configured,Configured S4D,25,3,mlp_head,0.481365,0.177337,0.118536
D3,CODE-15%,M6_s4d_configured,Configured S4D,25,4,raw,0.582249,0.08687,0.08543
D3,CODE-15%,M6_s4d_configured,Configured S4D,25,4,monotone_temperature,0.577839,0.085395,0.082518
D3,CODE-15%,M6_s4d_configured,Configured S4D,25,4,isotonic,0.587089,0.094919,0.097218
D3,CODE-15%,M6_s4d_configured,Configured S4D,25,4,mlp_head,0.475526,0.267059,0.155142
D3,CODE-15%,M6_s4d_configured,Configured S4D,50,0,raw,0.582249,0.08687,0.08543
D3,CODE-15%,M6_s4d_configured,Configured S4D,50,0,monotone_temperature,0.580473,0.084167,0.082656
D3,CODE-15%,M6_s4d_configured,Configured S4D,50,0,isotonic,0.585954,0.073903,0.081351
D3,CODE-15%,M6_s4d_configured,Configured S4D,50,0,mlp_head,0.527915,0.120373,0.093611
D3,CODE-15%,M6_s4d_configured,Configured S4D,50,1,raw,0.582249,0.08687,0.08543
D3,CODE-15%,M6_s4d_configured,Configured S4D,50,1,monotone_temperature,0.576575,0.084167,0.082744
D3,CODE-15%,M6_s4d_configured,Configured S4D,50,1,isotonic,0.566707,0.06891,0.086257
D3,CODE-15%,M6_s4d_configured,Configured S4D,50,1,mlp_head,0.50234,0.288014,0.178813
D3,CODE-15%,M6_s4d_configured,Configured S4D,50,2,raw,0.582249,0.08687,0.08543
D3,CODE-15%,M6_s4d_configured,Configured S4D,50,2,monotone_temperature,0.580764,0.085872,0.084255
D3,CODE-15%,M6_s4d_configured,Configured S4D,50,2,isotonic,0.560689,0.039059,0.080502
D3,CODE-15%,M6_s4d_configured,Configured S4D,50,2,mlp_head,0.49288,0.180102,0.115053
D3,CODE-15%,M6_s4d_configured,Configured S4D,50,3,raw,0.582249,0.08687,0.08543
D3,CODE-15%,M6_s4d_configured,Configured S4D,50,3,monotone_temperature,0.580473,0.084167,0.082656
D3,CODE-15%,M6_s4d_configured,Configured S4D,50,3,isotonic,0.579385,0.085991,0.103307
D3,CODE-15%,M6_s4d_configured,Configured S4D,50,3,mlp_head,0.485389,0.141833,0.108569
D3,CODE-15%,M6_s4d_configured,Configured S4D,50,4,raw,0.582249,0.08687,0.08543
D3,CODE-15%,M6_s4d_configured,Configured S4D,50,4,monotone_temperature,0.575583,0.085006,0.082548
D3,CODE-15%,M6_s4d_configured,Configured S4D,50,4,isotonic,0.564908,0.060283,0.089467
D3,CODE-15%,M6_s4d_configured,Configured S4D,50,4,mlp_head,0.544077,0.102824,0.087514
D3,CODE-15%,M6_s4d_configured,Configured S4D,75,0,raw,0.582249,0.08687,0.08543
D3,CODE-15%,M6_s4d_configured,Configured S4D,75,0,monotone_temperature,0.57628,0.085169,0.082532
D3,CODE-15%,M6_s4d_configured,Configured S4D,75,0,isotonic,0.576229,0.050605,0.080133
D3,CODE-15%,M6_s4d_configured,Configured S4D,75,0,mlp_head,0.478704,0.109851,0.092933
D3,CODE-15%,M6_s4d_configured,Configured S4D,75,1,raw,0.582249,0.08687,0.08543
D3,CODE-15%,M6_s4d_configured,Configured S4D,75,1,monotone_temperature,0.578978,0.085816,0.083903
D3,CODE-15%,M6_s4d_configured,Configured S4D,75,1,isotonic,0.581836,0.038061,0.077447
D3,CODE-15%,M6_s4d_configured,Configured S4D,75,1,mlp_head,0.518911,0.072468,0.086495
D3,CODE-15%,M6_s4d_configured,Configured S4D,75,2,raw,0.582249,0.08687,0.08543
D3,CODE-15%,M6_s4d_configured,Configured S4D,75,2,monotone_temperature,0.579305,0.084167,0.082544
D3,CODE-15%,M6_s4d_configured,Configured S4D,75,2,isotonic,0.55896,0.028775,0.077393
D3,CODE-15%,M6_s4d_configured,Configured S4D,75,2,mlp_head,0.472957,0.076437,0.088622
D3,CODE-15%,M6_s4d_configured,Configured S4D,75,3,raw,0.582249,0.08687,0.08543
D3,CODE-15%,M6_s4d_configured,Configured S4D,75,3,monotone_temperature,0.576335,0.084502,0.082657
D3,CODE-15%,M6_s4d_configured,Configured S4D,75,3,isotonic,0.566026,0.046103,0.077407
D3,CODE-15%,M6_s4d_configured,Configured S4D,75,3,mlp_head,0.509634,0.087945,0.087337
D3,CODE-15%,M6_s4d_configured,Configured S4D,75,4,raw,0.582249,0.08687,0.08543
D3,CODE-15%,M6_s4d_configured,Configured S4D,75,4,monotone_temperature,0.576473,0.085164,0.082531
D3,CODE-15%,M6_s4d_configured,Configured S4D,75,4,isotonic,0.578216,0.042303,0.07692
D3,CODE-15%,M6_s4d_configured,Configured S4D,75,4,mlp_head,0.522644,0.144479,0.104319
D3,CODE-15%,M6_s4d_configured,Configured S4D,100,0,raw,0.582249,0.08687,0.08543
D3,CODE-15%,M6_s4d_configured,Configured S4D,100,0,monotone_temperature,0.576539,0.084242,0.082736
D3,CODE-15%,M6_s4d_configured,Configured S4D,100,0,isotonic,0.559131,0.043771,0.083066
D3,CODE-15%,M6_s4d_configured,Configured S4D,100,0,mlp_head,0.454157,0.042518,0.079501
D3,CODE-15%,M6_s4d_configured,Configured S4D,100,1,raw,0.582249,0.08687,0.08543
D3,CODE-15%,M6_s4d_configured,Configured S4D,100,1,monotone_temperature,0.576428,0.085166,0.082531
D3,CODE-15%,M6_s4d_configured,Configured S4D,100,1,isotonic,0.564424,0.04827,0.079572
D3,CODE-15%,M6_s4d_configured,Configured S4D,100,1,mlp_head,0.524908,0.066424,0.081342
D3,CODE-15%,M6_s4d_configured,Configured S4D,100,2,raw,0.582249,0.08687,0.08543
D3,CODE-15%,M6_s4d_configured,Configured S4D,100,2,monotone_temperature,0.576084,0.084486,0.082603
D3,CODE-15%,M6_s4d_configured,Configured S4D,100,2,isotonic,0.587299,0.04461,0.078944
D3,CODE-15%,M6_s4d_configured,Configured S4D,100,2,mlp_head,0.500194,0.041118,0.07952
D3,CODE-15%,M6_s4d_configured,Configured S4D,100,3,raw,0.582249,0.08687,0.08543
D3,CODE-15%,M6_s4d_configured,Configured S4D,100,3,monotone_temperature,0.576229,0.08532,0.082627
D3,CODE-15%,M6_s4d_configured,Configured S4D,100,3,isotonic,0.609669,0.030755,0.075517
D3,CODE-15%,M6_s4d_configured,Configured S4D,100,3,mlp_head,0.527588,0.032948,0.077905
D3,CODE-15%,M6_s4d_configured,Configured S4D,100,4,raw,0.582249,0.08687,0.08543
D3,CODE-15%,M6_s4d_configured,Configured S4D,100,4,monotone_temperature,0.577349,0.084167,0.082923
D3,CODE-15%,M6_s4d_configured,Configured S4D,100,4,isotonic,0.550411,0.047973,0.081007
D3,CODE-15%,M6_s4d_configured,Configured S4D,100,4,mlp_head,0.520785,0.056721,0.081207
D3,CODE-15%,M6_s4d_configured,Configured S4D,150,0,raw,0.582249,0.08687,0.08543
D3,CODE-15%,M6_s4d_configured,Configured S4D,150,0,monotone_temperature,0.575647,0.085009,0.082549
D3,CODE-15%,M6_s4d_configured,Configured S4D,150,0,isotonic,0.561944,0.044126,0.077202
D3,CODE-15%,M6_s4d_configured,Configured S4D,150,0,mlp_head,0.503653,0.023207,0.077425
D3,CODE-15%,M6_s4d_configured,Configured S4D,150,1,raw,0.582249,0.08687,0.08543
D3,CODE-15%,M6_s4d_configured,Configured S4D,150,1,monotone_temperature,0.57567,0.084897,0.082589
D3,CODE-15%,M6_s4d_configured,Configured S4D,150,1,isotonic,0.586595,0.039538,0.077553
D3,CODE-15%,M6_s4d_configured,Configured S4D,150,1,mlp_head,0.512088,0.034804,0.078523
D3,CODE-15%,M6_s4d_configured,Configured S4D,150,2,raw,0.582249,0.08687,0.08543
D3,CODE-15%,M6_s4d_configured,Configured S4D,150,2,monotone_temperature,0.575692,0.085004,0.082547
D3,CODE-15%,M6_s4d_configured,Configured S4D,150,2,isotonic,0.569881,0.043727,0.078661
D3,CODE-15%,M6_s4d_configured,Configured S4D,150,2,mlp_head,0.493249,0.028946,0.077666
D3,CODE-15%,M6_s4d_configured,Configured S4D,150,3,raw,0.582249,0.08687,0.08543
D3,CODE-15%,M6_s4d_configured,Configured S4D,150,3,monotone_temperature,0.577034,0.084978,0.08252
D3,CODE-15%,M6_s4d_configured,Configured S4D,150,3,isotonic,0.56681,0.036414,0.077699
D3,CODE-15%,M6_s4d_configured,Configured S4D,150,3,mlp_head,0.496821,0.035556,0.078654
D3,CODE-15%,M6_s4d_configured,Configured S4D,150,4,raw,0.582249,0.08687,0.08543
D3,CODE-15%,M6_s4d_configured,Configured S4D,150,4,monotone_temperature,0.576449,0.084167,0.082523
D3,CODE-15%,M6_s4d_configured,Configured S4D,150,4,isotonic,0.557947,0.039092,0.076747
D3,CODE-15%,M6_s4d_configured,Configured S4D,150,4,mlp_head,0.48909,0.044562,0.0791
D3,CODE-15%,M6_s4d_configured,Configured S4D,200,0,raw,0.582249,0.08687,0.08543
D3,CODE-15%,M6_s4d_configured,Configured S4D,200,0,monotone_temperature,0.57559,0.084805,0.082555
D3,CODE-15%,M6_s4d_configured,Configured S4D,200,0,isotonic,0.563697,0.037673,0.076595
D3,CODE-15%,M6_s4d_configured,Configured S4D,200,0,mlp_head,0.444895,0.057718,0.082509
D3,CODE-15%,M6_s4d_configured,Configured S4D,200,1,raw,0.582249,0.08687,0.08543
D3,CODE-15%,M6_s4d_configured,Configured S4D,200,1,monotone_temperature,0.575586,0.084802,0.082554
D3,CODE-15%,M6_s4d_configured,Configured S4D,200,1,isotonic,0.56159,0.036868,0.076571
D3,CODE-15%,M6_s4d_configured,Configured S4D,200,1,mlp_head,0.518782,0.021809,0.076984
D3,CODE-15%,M6_s4d_configured,Configured S4D,200,2,raw,0.582249,0.08687,0.08543
D3,CODE-15%,M6_s4d_configured,Configured S4D,200,2,monotone_temperature,0.575635,0.084803,0.082554
D3,CODE-15%,M6_s4d_configured,Configured S4D,200,2,isotonic,0.565846,0.038385,0.076569
D3,CODE-15%,M6_s4d_configured,Configured S4D,200,2,mlp_head,0.517598,0.031104,0.078055
D3,CODE-15%,M6_s4d_configured,Configured S4D,200,3,raw,0.582249,0.08687,0.08543
D3,CODE-15%,M6_s4d_configured,Configured S4D,200,3,monotone_temperature,0.57559,0.084805,0.082555
D3,CODE-15%,M6_s4d_configured,Configured S4D,200,3,isotonic,0.566987,0.037371,0.076512
D3,CODE-15%,M6_s4d_configured,Configured S4D,200,3,mlp_head,0.489319,0.024069,0.077341
D3,CODE-15%,M6_s4d_configured,Configured S4D,200,4,raw,0.582249,0.08687,0.08543
D3,CODE-15%,M6_s4d_configured,Configured S4D,200,4,monotone_temperature,0.57559,0.084805,0.082555
D3,CODE-15%,M6_s4d_configured,Configured S4D,200,4,isotonic,0.565846,0.037855,0.076586
D3,CODE-15%,M6_s4d_configured,Configured S4D,200,4,mlp_head,0.488029,0.027354,0.077329
D3,CODE-15%,M2_stmem_probe,ST-MEM probe,25,0,raw,0.952294,0.090325,0.06591
D3,CODE-15%,M2_stmem_probe,ST-MEM probe,25,0,monotone_platt,0.986927,0.03156,0.029158
D3,CODE-15%,M2_stmem_probe,ST-MEM probe,25,0,isotonic,0.86276,0.049044,0.041331
D3,CODE-15%,M2_stmem_probe,ST-MEM probe,25,0,mlp_head,0.360907,0.233859,0.173585
D3,CODE-15%,M2_stmem_probe,ST-MEM probe,25,1,raw,0.952294,0.090325,0.06591
D3,CODE-15%,M2_stmem_probe,ST-MEM probe,25,1,monotone_platt,0.986927,0.037321,0.028218
D3,CODE-15%,M2_stmem_probe,ST-MEM probe,25,1,isotonic,0.86627,0.042399,0.04103
D3,CODE-15%,M2_stmem_probe,ST-MEM probe,25,1,mlp_head,0.651305,0.087934,0.088502
D3,CODE-15%,M2_stmem_probe,ST-MEM probe,25,2,raw,0.952294,0.090325,0.06591
D3,CODE-15%,M2_stmem_probe,ST-MEM probe,25,2,monotone_platt,0.986758,0.037967,0.028214
D3,CODE-15%,M2_stmem_probe,ST-MEM probe,25,2,isotonic,0.918079,0.094472,0.061851
D3,CODE-15%,M2_stmem_probe,ST-MEM probe,25,2,mlp_head,0.731287,0.421354,0.255494
D3,CODE-15%,M2_stmem_probe,ST-MEM probe,25,3,raw,0.952294,0.090325,0.06591
D3,CODE-15%,M2_stmem_probe,ST-MEM probe,25,3,monotone_platt,0.986927,0.033889,0.02638
D3,CODE-15%,M2_stmem_probe,ST-MEM probe,25,3,isotonic,0.877361,0.035997,0.035293
D3,CODE-15%,M2_stmem_probe,ST-MEM probe,25,3,mlp_head,0.680881,0.108692,0.095179
D3,CODE-15%,M2_stmem_probe,ST-MEM probe,25,4,raw,0.952294,0.090325,0.06591
D3,CODE-15%,M2_stmem_probe,ST-MEM probe,25,4,monotone_platt,0.983189,0.053726,0.038794
D3,CODE-15%,M2_stmem_probe,ST-MEM probe,25,4,isotonic,0.936731,0.0762,0.049574
D3,CODE-15%,M2_stmem_probe,ST-MEM probe,25,4,mlp_head,0.725579,0.218352,0.115262
D3,CODE-15%,M2_stmem_probe,ST-MEM probe,50,0,raw,0.952294,0.090325,0.06591
D3,CODE-15%,M2_stmem_probe,ST-MEM probe,50,0,monotone_platt,0.986927,0.049204,0.035567
D3,CODE-15%,M2_stmem_probe,ST-MEM probe,50,0,isotonic,0.899035,0.041625,0.042128
D3,CODE-15%,M2_stmem_probe,ST-MEM probe,50,0,mlp_head,0.829675,0.083034,0.063239
D3,CODE-15%,M2_stmem_probe,ST-MEM probe,50,1,raw,0.952294,0.090325,0.06591
D3,CODE-15%,M2_stmem_probe,ST-MEM probe,50,1,monotone_platt,0.984408,0.047318,0.036086
D3,CODE-15%,M2_stmem_probe,ST-MEM probe,50,1,isotonic,0.925005,0.039465,0.038096
D3,CODE-15%,M2_stmem_probe,ST-MEM probe,50,1,mlp_head,0.752763,0.082577,0.077497
D3,CODE-15%,M2_stmem_probe,ST-MEM probe,50,2,raw,0.952294,0.090325,0.06591
D3,CODE-15%,M2_stmem_probe,ST-MEM probe,50,2,monotone_platt,0.979151,0.03659,0.032067
D3,CODE-15%,M2_stmem_probe,ST-MEM probe,50,2,isotonic,0.90416,0.051903,0.043022
D3,CODE-15%,M2_stmem_probe,ST-MEM probe,50,2,mlp_head,0.756325,0.115106,0.089743
D3,CODE-15%,M2_stmem_probe,ST-MEM probe,50,3,raw,0.952294,0.090325,0.06591
D3,CODE-15%,M2_stmem_probe,ST-MEM probe,50,3,monotone_platt,0.986991,0.041163,0.033953
D3,CODE-15%,M2_stmem_probe,ST-MEM probe,50,3,isotonic,0.868911,0.035508,0.040743
D3,CODE-15%,M2_stmem_probe,ST-MEM probe,50,3,mlp_head,0.769115,0.094204,0.076815
D3,CODE-15%,M2_stmem_probe,ST-MEM probe,50,4,raw,0.952294,0.090325,0.06591
D3,CODE-15%,M2_stmem_probe,ST-MEM probe,50,4,monotone_platt,0.986639,0.028693,0.023841
D3,CODE-15%,M2_stmem_probe,ST-MEM probe,50,4,isotonic,0.884561,0.047478,0.038628
D3,CODE-15%,M2_stmem_probe,ST-MEM probe,50,4,mlp_head,0.807122,0.089874,0.065378
D3,CODE-15%,M2_stmem_probe,ST-MEM probe,75,0,raw,0.952294,0.090325,0.06591
D3,CODE-15%,M2_stmem_probe,ST-MEM probe,75,0,monotone_platt,0.986927,0.030189,0.022916
D3,CODE-15%,M2_stmem_probe,ST-MEM probe,75,0,isotonic,0.887749,0.036078,0.036951
D3,CODE-15%,M2_stmem_probe,ST-MEM probe,75,0,mlp_head,0.816215,0.117718,0.077827
D3,CODE-15%,M2_stmem_probe,ST-MEM probe,75,1,raw,0.952294,0.090325,0.06591
D3,CODE-15%,M2_stmem_probe,ST-MEM probe,75,1,monotone_platt,0.986927,0.032765,0.022559
D3,CODE-15%,M2_stmem_probe,ST-MEM probe,75,1,isotonic,0.897005,0.028616,0.033789
D3,CODE-15%,M2_stmem_probe,ST-MEM probe,75,1,mlp_head,0.787364,0.062427,0.063448
D3,CODE-15%,M2_stmem_probe,ST-MEM probe,75,2,raw,0.952294,0.090325,0.06591
D3,CODE-15%,M2_stmem_probe,ST-MEM probe,75,2,monotone_platt,0.986927,0.029928,0.02467
D3,CODE-15%,M2_stmem_probe,ST-MEM probe,75,2,isotonic,0.889162,0.040372,0.037246
D3,CODE-15%,M2_stmem_probe,ST-MEM probe,75,2,mlp_head,0.906522,0.08686,0.061803
D3,CODE-15%,M2_stmem_probe,ST-MEM probe,75,3,raw,0.952294,0.090325,0.06591
D3,CODE-15%,M2_stmem_probe,ST-MEM probe,75,3,monotone_platt,0.986639,0.028515,0.023699
D3,CODE-15%,M2_stmem_probe,ST-MEM probe,75,3,isotonic,0.884458,0.03179,0.03298
D3,CODE-15%,M2_stmem_probe,ST-MEM probe,75,3,mlp_head,0.813498,0.094812,0.067363
D3,CODE-15%,M2_stmem_probe,ST-MEM probe,75,4,raw,0.952294,0.090325,0.06591
D3,CODE-15%,M2_stmem_probe,ST-MEM probe,75,4,monotone_platt,0.986927,0.037342,0.027172
D3,CODE-15%,M2_stmem_probe,ST-MEM probe,75,4,isotonic,0.897779,0.044484,0.037821
D3,CODE-15%,M2_stmem_probe,ST-MEM probe,75,4,mlp_head,0.773919,0.06992,0.074147
D3,CODE-15%,M2_stmem_probe,ST-MEM probe,100,0,raw,0.952294,0.090325,0.06591
D3,CODE-15%,M2_stmem_probe,ST-MEM probe,100,0,monotone_platt,0.987055,0.030542,0.024612
D3,CODE-15%,M2_stmem_probe,ST-MEM probe,100,0,isotonic,0.884406,0.033048,0.036012
D3,CODE-15%,M2_stmem_probe,ST-MEM probe,100,0,mlp_head,0.924935,0.076255,0.054749
D3,CODE-15%,M2_stmem_probe,ST-MEM probe,100,1,raw,0.952294,0.090325,0.06591
D3,CODE-15%,M2_stmem_probe,ST-MEM probe,100,1,monotone_platt,0.986927,0.03175,0.02088
D3,CODE-15%,M2_stmem_probe,ST-MEM probe,100,1,isotonic,0.922985,0.033251,0.034959
D3,CODE-15%,M2_stmem_probe,ST-MEM probe,100,1,mlp_head,0.877492,0.077166,0.049904
D3,CODE-15%,M2_stmem_probe,ST-MEM probe,100,2,raw,0.952294,0.090325,0.06591
D3,CODE-15%,M2_stmem_probe,ST-MEM probe,100,2,monotone_platt,0.986927,0.032071,0.023638
D3,CODE-15%,M2_stmem_probe,ST-MEM probe,100,2,isotonic,0.906265,0.033668,0.0352
D3,CODE-15%,M2_stmem_probe,ST-MEM probe,100,2,mlp_head,0.885473,0.077759,0.054739
D3,CODE-15%,M2_stmem_probe,ST-MEM probe,100,3,raw,0.952294,0.090325,0.06591
D3,CODE-15%,M2_stmem_probe,ST-MEM probe,100,3,monotone_platt,0.986927,0.025632,0.020169
D3,CODE-15%,M2_stmem_probe,ST-MEM probe,100,3,isotonic,0.911896,0.026307,0.032352
D3,CODE-15%,M2_stmem_probe,ST-MEM probe,100,3,mlp_head,0.857523,0.079921,0.049183
D3,CODE-15%,M2_stmem_probe,ST-MEM probe,100,4,raw,0.952294,0.090325,0.06591
D3,CODE-15%,M2_stmem_probe,ST-MEM probe,100,4,monotone_platt,0.986927,0.031626,0.022296
D3,CODE-15%,M2_stmem_probe,ST-MEM probe,100,4,isotonic,0.926947,0.02613,0.031112
D3,CODE-15%,M2_stmem_probe,ST-MEM probe,100,4,mlp_head,0.836131,0.056267,0.057646
D3,CODE-15%,M2_stmem_probe,ST-MEM probe,150,0,raw,0.952294,0.090325,0.06591
D3,CODE-15%,M2_stmem_probe,ST-MEM probe,150,0,monotone_platt,0.986927,0.029103,0.021221
D3,CODE-15%,M2_stmem_probe,ST-MEM probe,150,0,isotonic,0.917702,0.029312,0.031602
D3,CODE-15%,M2_stmem_probe,ST-MEM probe,150,0,mlp_head,0.961302,0.054099,0.036706
D3,CODE-15%,M2_stmem_probe,ST-MEM probe,150,1,raw,0.952294,0.090325,0.06591
D3,CODE-15%,M2_stmem_probe,ST-MEM probe,150,1,monotone_platt,0.986927,0.028315,0.020625
D3,CODE-15%,M2_stmem_probe,ST-MEM probe,150,1,isotonic,0.917871,0.028881,0.032708
D3,CODE-15%,M2_stmem_probe,ST-MEM probe,150,1,mlp_head,0.898563,0.063327,0.05329
D3,CODE-15%,M2_stmem_probe,ST-MEM probe,150,2,raw,0.952294,0.090325,0.06591
D3,CODE-15%,M2_stmem_probe,ST-MEM probe,150,2,monotone_platt,0.986927,0.031244,0.021099
D3,CODE-15%,M2_stmem_probe,ST-MEM probe,150,2,isotonic,0.923402,0.030087,0.033027
D3,CODE-15%,M2_stmem_probe,ST-MEM probe,150,2,mlp_head,0.918182,0.059878,0.046085
D3,CODE-15%,M2_stmem_probe,ST-MEM probe,150,3,raw,0.952294,0.090325,0.06591
D3,CODE-15%,M2_stmem_probe,ST-MEM probe,150,3,monotone_platt,0.986927,0.029505,0.020942
D3,CODE-15%,M2_stmem_probe,ST-MEM probe,150,3,isotonic,0.917974,0.029545,0.033549
D3,CODE-15%,M2_stmem_probe,ST-MEM probe,150,3,mlp_head,0.948782,0.062186,0.039263
D3,CODE-15%,M2_stmem_probe,ST-MEM probe,150,4,raw,0.952294,0.090325,0.06591
D3,CODE-15%,M2_stmem_probe,ST-MEM probe,150,4,monotone_platt,0.986927,0.026412,0.020964
D3,CODE-15%,M2_stmem_probe,ST-MEM probe,150,4,isotonic,0.908857,0.029161,0.035232
D3,CODE-15%,M2_stmem_probe,ST-MEM probe,150,4,mlp_head,0.948009,0.065353,0.0393
D3,CODE-15%,M2_stmem_probe,ST-MEM probe,200,0,raw,0.952294,0.090325,0.06591
D3,CODE-15%,M2_stmem_probe,ST-MEM probe,200,0,monotone_platt,0.986927,0.028756,0.020673
D3,CODE-15%,M2_stmem_probe,ST-MEM probe,200,0,isotonic,0.922087,0.02631,0.032476
D3,CODE-15%,M2_stmem_probe,ST-MEM probe,200,0,mlp_head,0.89099,0.058828,0.04866
D3,CODE-15%,M2_stmem_probe,ST-MEM probe,200,1,raw,0.952294,0.090325,0.06591
D3,CODE-15%,M2_stmem_probe,ST-MEM probe,200,1,monotone_platt,0.986927,0.028839,0.020745
D3,CODE-15%,M2_stmem_probe,ST-MEM probe,200,1,isotonic,0.922087,0.02611,0.032386
D3,CODE-15%,M2_stmem_probe,ST-MEM probe,200,1,mlp_head,0.911877,0.069001,0.050182
D3,CODE-15%,M2_stmem_probe,ST-MEM probe,200,2,raw,0.952294,0.090325,0.06591
D3,CODE-15%,M2_stmem_probe,ST-MEM probe,200,2,monotone_platt,0.986927,0.029119,0.02065
D3,CODE-15%,M2_stmem_probe,ST-MEM probe,200,2,isotonic,0.922087,0.026115,0.032385
D3,CODE-15%,M2_stmem_probe,ST-MEM probe,200,2,mlp_head,0.964802,0.069866,0.045332
D3,CODE-15%,M2_stmem_probe,ST-MEM probe,200,3,raw,0.952294,0.090325,0.06591
D3,CODE-15%,M2_stmem_probe,ST-MEM probe,200,3,monotone_platt,0.986927,0.028736,0.020671
D3,CODE-15%,M2_stmem_probe,ST-MEM probe,200,3,isotonic,0.922688,0.026209,0.032446
D3,CODE-15%,M2_stmem_probe,ST-MEM probe,200,3,mlp_head,0.936692,0.057619,0.040793
D3,CODE-15%,M2_stmem_probe,ST-MEM probe,200,4,raw,0.952294,0.090325,0.06591
D3,CODE-15%,M2_stmem_probe,ST-MEM probe,200,4,monotone_platt,0.986927,0.02878,0.02068
D3,CODE-15%,M2_stmem_probe,ST-MEM probe,200,4,isotonic,0.922087,0.02639,0.032309
D3,CODE-15%,M2_stmem_probe,ST-MEM probe,200,4,mlp_head,0.966219,0.056989,0.03965
