dataset_id,dataset_name,model_id,model_name,cal_size,effective_n,method,n_reps,n_valid_reps,ece_ew_mean,ece_ew_std,brier_mean,brier_std,auroc_mean,auroc_std
D1,PTB-XL,M2_stmem_probe,ST-MEM probe,10,10,isotonic_regression,5,5,0.11149587005063606,0.011714713461911873,0.11858697400871636,0.006482135466780213,0.8404198812257636,0.014764717569237492
D1,PTB-XL,M2_stmem_probe,ST-MEM probe,10,10,learned_mlp_head,5,5,0.10999360836665337,0.0124805750599834,0.12942977279144705,0.008470250804100549,0.7969109210050386,0.021731353728538343
D1,PTB-XL,M2_stmem_probe,ST-MEM probe,10,10,monotone_platt,5,5,0.12239740980239824,0.019155368135032845,0.11597161529615004,0.01005540952112152,0.8790432449255979,0.00046187363834420124
D1,PTB-XL,M2_stmem_probe,ST-MEM probe,10,10,temperature_scaling,5,5,0.15215071580063075,0.020870411436144157,0.12571911598957955,0.010209803609867401,0.8771960304842658,0.0018269094627932597
D1,PTB-XL,M2_stmem_probe,ST-MEM probe,20,20,isotonic_regression,5,5,0.10708290819122539,0.013226826658987223,0.11407875646391559,0.009343986844919973,0.8491738191973486,0.019801376065337443
D1,PTB-XL,M2_stmem_probe,ST-MEM probe,20,20,learned_mlp_head,5,5,0.11885680526905751,0.035613666106235314,0.13243314877495985,0.015522777275597097,0.7813749800220388,0.03521312103161878
D1,PTB-XL,M2_stmem_probe,ST-MEM probe,20,20,monotone_platt,5,5,0.10635722725590932,0.006822215880280479,0.10999718064858824,0.007358226032390416,0.878398426998427,0.0008177905947772968
D1,PTB-XL,M2_stmem_probe,ST-MEM probe,20,20,temperature_scaling,5,5,0.12066599786098361,0.0035295190330884795,0.11598755879399707,0.005941579820702413,0.8775796906149849,0.003388982259570472
D1,PTB-XL,M2_stmem_probe,ST-MEM probe,50,50,isotonic_regression,5,5,0.07437636883015994,0.012775573382308055,0.10002618142420891,0.0044345386783506534,0.8449552283375812,0.020368391718595436
D1,PTB-XL,M2_stmem_probe,ST-MEM probe,50,50,learned_mlp_head,5,5,0.08200924672044022,0.01321942629410589,0.11190070208171617,0.009151866848896285,0.8377706900177488,0.026720777544276694
D1,PTB-XL,M2_stmem_probe,ST-MEM probe,50,50,monotone_platt,5,5,0.06791820717025918,0.007245812162065754,0.09388831342935666,0.00312174311746653,0.87927418174477,0.0
D1,PTB-XL,M2_stmem_probe,ST-MEM probe,50,50,temperature_scaling,5,5,0.11797317854576547,0.008380760202076187,0.11026339602720463,0.0007401285768362149,0.87927418174477,0.0
D1,PTB-XL,M2_stmem_probe,ST-MEM probe,75,75,isotonic_regression,5,5,0.0600499079202468,0.009246398340336023,0.09672469543882706,0.002035015211651536,0.860476429370547,0.002541573893465681
D1,PTB-XL,M2_stmem_probe,ST-MEM probe,75,75,learned_mlp_head,5,5,0.07320746916755816,0.0019601439608991243,0.10595165774609597,0.002642245228262676,0.8575628031392737,0.007505699233122751
D1,PTB-XL,M2_stmem_probe,ST-MEM probe,75,75,monotone_platt,5,5,0.062322363844250106,0.0035289179569145245,0.09078459414883637,0.0011835520381272505,0.87927418174477,0.0
D1,PTB-XL,M2_stmem_probe,ST-MEM probe,75,75,temperature_scaling,5,5,0.11499144067783892,0.009658380192704305,0.11036076815983034,0.0006529989757844733,0.87927418174477,0.0
D1,PTB-XL,M2_stmem_probe,ST-MEM probe,100,100,isotonic_regression,5,5,0.057071885844069005,0.005791420360742134,0.09666077807018013,0.003314077927041847,0.8556709810650988,0.00755705744592914
D1,PTB-XL,M2_stmem_probe,ST-MEM probe,100,100,learned_mlp_head,5,5,0.07030703770061907,0.009619421147692589,0.10370583668921265,0.001587174363143656,0.8603701970878441,0.007014074366800446
D1,PTB-XL,M2_stmem_probe,ST-MEM probe,100,100,monotone_platt,5,5,0.057374510774625034,0.003284092546624117,0.09060371508992404,0.00145053094048721,0.87927418174477,0.0
D1,PTB-XL,M2_stmem_probe,ST-MEM probe,100,100,temperature_scaling,5,5,0.11537917834922791,0.0047367196983614974,0.11019271963775049,0.00039839947330508866,0.87927418174477,0.0
D1,PTB-XL,M2_stmem_probe,ST-MEM probe,150,150,isotonic_regression,5,5,0.05067031365219514,0.004650554081155563,0.0936280030591109,0.0012421905160197684,0.8668515734221618,0.0023621676961076343
D1,PTB-XL,M2_stmem_probe,ST-MEM probe,150,150,learned_mlp_head,5,5,0.0653515725835212,0.003257113954209171,0.0999461902568182,0.00182038767390255,0.8654656757597936,0.006090278227760491
D1,PTB-XL,M2_stmem_probe,ST-MEM probe,150,150,monotone_platt,5,5,0.05528582776954298,0.0038002225802023,0.08881710195896889,0.00045761345015408696,0.87927418174477,0.0
D1,PTB-XL,M2_stmem_probe,ST-MEM probe,150,150,temperature_scaling,5,5,0.11082909783107382,0.008101770169501392,0.10990104290193589,0.00031549607330622103,0.87927418174477,0.0
D1,PTB-XL,M2_stmem_probe,ST-MEM probe,full,203,isotonic_regression,5,5,0.05400975335095681,0.0,0.09226453180610919,0.0,0.8710850304085598,0.0
D1,PTB-XL,M2_stmem_probe,ST-MEM probe,full,203,learned_mlp_head,5,5,0.06464095749576224,0.0,0.09883510144649599,0.0,0.8675339036515506,0.0
D1,PTB-XL,M2_stmem_probe,ST-MEM probe,full,203,monotone_platt,5,5,0.04823643022280146,0.0,0.08877954260087521,0.0,0.87927418174477,0.0
D1,PTB-XL,M2_stmem_probe,ST-MEM probe,full,203,temperature_scaling,5,5,0.11360833389497246,0.0,0.10957570893410093,0.0,0.87927418174477,0.0
D1,PTB-XL,M6_s4d_configured,Configured S4D,10,10,isotonic_regression,5,5,0.18301289899780188,0.01474527374055585,0.19918030802487724,0.008065099368920825,0.7068020104137751,0.01574845466570285
D1,PTB-XL,M6_s4d_configured,Configured S4D,10,10,learned_mlp_head,5,5,0.13218940767039752,0.048655290813523766,0.16593550719726174,0.021580272978189565,0.7099486562192444,0.040177377081145334
D1,PTB-XL,M6_s4d_configured,Configured S4D,10,10,monotone_platt,5,5,0.16855359380460988,0.013854501366379175,0.18658831222087047,0.013179245274998802,0.7380006897653957,0.0025947886197464913
D1,PTB-XL,M6_s4d_configured,Configured S4D,10,10,temperature_scaling,5,5,0.12057256035184234,0.020484036449575686,0.1596004342965215,0.007695699048736843,0.7376564631858751,0.0023224400871459496
D1,PTB-XL,M6_s4d_configured,Configured S4D,20,20,isotonic_regression,5,5,0.11897288963659966,0.01064523152865849,0.16943200692219135,0.0031557126290273135,0.7040496765673236,0.009387874369757299
D1,PTB-XL,M6_s4d_configured,Configured S4D,20,20,learned_mlp_head,5,5,0.12860796441917594,0.036478951907094256,0.1640646846968667,0.014118255185206657,0.7145272566684331,0.03764456479128055
D1,PTB-XL,M6_s4d_configured,Configured S4D,20,20,monotone_platt,5,5,0.09743961429064277,0.01545188979614126,0.15546704838914133,0.005580035568232949,0.738817683229448,0.0
D1,PTB-XL,M6_s4d_configured,Configured S4D,20,20,temperature_scaling,5,5,0.09366201182004916,0.012083952018262577,0.15236268648930965,0.005397570428855712,0.738817683229448,0.0
D1,PTB-XL,M6_s4d_configured,Configured S4D,50,50,isotonic_regression,5,5,0.09115057021322023,0.011328548675768668,0.1600140832265776,0.003825203796386261,0.7084162313574078,0.014339226040151563
D1,PTB-XL,M6_s4d_configured,Configured S4D,50,50,learned_mlp_head,5,5,0.10270675827724947,0.011735516915186997,0.15234047580905824,0.003034484344214189,0.7439798723092841,0.006606758323638854
D1,PTB-XL,M6_s4d_configured,Configured S4D,50,50,monotone_platt,5,5,0.08699171933495964,0.009846672226742868,0.15155405332188454,0.004206869289831953,0.738817683229448,0.0
D1,PTB-XL,M6_s4d_configured,Configured S4D,50,50,temperature_scaling,5,5,0.0828031067892284,0.007166344001496554,0.1480949961566213,0.001364605931478633,0.738817683229448,0.0
D1,PTB-XL,M6_s4d_configured,Configured S4D,75,75,isotonic_regression,5,5,0.07653631511501498,0.010143679085820952,0.15440567478611839,0.004491180857589856,0.7182175410704823,0.002553860745608186
D1,PTB-XL,M6_s4d_configured,Configured S4D,75,75,learned_mlp_head,5,5,0.0864501890941605,0.009947474075649394,0.14782022930081853,0.0006255197347802827,0.7448147744383039,0.005152277412813855
D1,PTB-XL,M6_s4d_configured,Configured S4D,75,75,monotone_platt,5,5,0.0768105712878607,0.007058494797324621,0.1490951920767072,0.0029395176737384643,0.738817683229448,0.0
D1,PTB-XL,M6_s4d_configured,Configured S4D,75,75,temperature_scaling,5,5,0.0749330212109392,0.006846169806809128,0.1467399689620438,0.0008902315117598011,0.738817683229448,0.0
D1,PTB-XL,M6_s4d_configured,Configured S4D,100,100,isotonic_regression,5,5,0.07187867814502816,0.012561470089540491,0.1560290401942874,0.0054539179081871374,0.7161399264811029,0.004511704503203369
D1,PTB-XL,M6_s4d_configured,Configured S4D,100,100,learned_mlp_head,5,5,0.07702415076697273,0.00684147540365478,0.14631356105510707,0.0019321564110037837,0.7492188591953297,0.004984326187055877
D1,PTB-XL,M6_s4d_configured,Configured S4D,100,100,monotone_platt,5,5,0.07883854098741547,0.010130410997801802,0.1495500683169202,0.0026199050348577756,0.738817683229448,0.0
D1,PTB-XL,M6_s4d_configured,Configured S4D,100,100,temperature_scaling,5,5,0.07336686903816332,0.003896672365900681,0.14638476614135035,0.0010558174891072782,0.738817683229448,0.0
D1,PTB-XL,M6_s4d_configured,Configured S4D,150,150,isotonic_regression,5,5,0.06335487697296394,0.0048101905833738854,0.15182667259977997,0.0017065441435958422,0.7236741186564716,0.0006693923231275841
D1,PTB-XL,M6_s4d_configured,Configured S4D,150,150,learned_mlp_head,5,5,0.07546557885647745,0.008832282348908357,0.14632378066632487,0.002376758502868567,0.7479071390718449,0.003654242730739257
D1,PTB-XL,M6_s4d_configured,Configured S4D,150,150,monotone_platt,5,5,0.0709103545962525,0.006364867382158575,0.14756388727473374,0.0005465414465008937,0.738817683229448,0.0
D1,PTB-XL,M6_s4d_configured,Configured S4D,150,150,temperature_scaling,5,5,0.07113746580162063,0.0037277449467039937,0.14572294674262756,0.00020266022500438314,0.738817683229448,0.0
D1,PTB-XL,M6_s4d_configured,Configured S4D,full,203,isotonic_regression,5,5,0.06088315856381599,0.0,0.15132426271958144,0.0,0.7245871880283645,0.0
D1,PTB-XL,M6_s4d_configured,Configured S4D,full,203,learned_mlp_head,5,5,0.07893436022025624,0.0,0.14561316798940216,0.0,0.7495291257644199,0.0
D1,PTB-XL,M6_s4d_configured,Configured S4D,full,203,monotone_platt,5,5,0.07475178373108424,0.0,0.14723400468522554,0.0,0.738817683229448,0.0
D1,PTB-XL,M6_s4d_configured,Configured S4D,full,203,temperature_scaling,5,5,0.06953543303762405,0.0,0.1456050147442395,0.0,0.738817683229448,0.0
D3,CODE-15%,M2_stmem_probe,ST-MEM probe,10,10,isotonic_regression,5,5,0.04247575074871192,0.00644622504089848,0.0286889547274273,0.0029715570854231036,0.9814538403911948,0.00878669189291371
D3,CODE-15%,M2_stmem_probe,ST-MEM probe,10,10,learned_mlp_head,5,5,0.07179993675529492,0.013441340527309503,0.06548650225514488,0.014951342831651025,0.7819678293614551,0.0974942855344041
D3,CODE-15%,M2_stmem_probe,ST-MEM probe,10,10,monotone_platt,5,5,0.043809453186385364,0.008490704253221243,0.030320386297492962,0.004226428166128423,0.9869273814139705,1.1102230246251565e-16
D3,CODE-15%,M2_stmem_probe,ST-MEM probe,10,10,temperature_scaling,5,5,0.04113330767521071,0.006577676129565434,0.02728466329204482,0.0009246185842770713,0.9867012574448296,0.000452247938281447
D3,CODE-15%,M2_stmem_probe,ST-MEM probe,20,20,isotonic_regression,5,5,0.034371195058449974,0.0033884127946016943,0.026590364150192253,0.0023287069521812443,0.9722492700085752,0.010794776545884933
D3,CODE-15%,M2_stmem_probe,ST-MEM probe,20,20,learned_mlp_head,5,5,0.07920172909095768,0.027567243820036336,0.07405909657266438,0.0138658455454864,0.7463456330048895,0.09414182002022103
D3,CODE-15%,M2_stmem_probe,ST-MEM probe,20,20,monotone_platt,5,5,0.039232989387713295,0.004397526761213678,0.027081820296382474,0.0038484672511628964,0.9866868811734701,0.00048100048100048194
D3,CODE-15%,M2_stmem_probe,ST-MEM probe,20,20,temperature_scaling,5,5,0.045364949406392505,0.005299090621109319,0.028217184668500723,0.0011556071482333298,0.9863843469575893,0.0005751944853725802
D3,CODE-15%,M2_stmem_probe,ST-MEM probe,50,50,isotonic_regression,5,5,0.03328667115677873,0.005739944493074338,0.02734922927445115,0.004394183313636055,0.9582013898656218,0.01792963197765471
D3,CODE-15%,M2_stmem_probe,ST-MEM probe,50,50,learned_mlp_head,5,5,0.07474851369219512,0.04779352609210095,0.054222549104178806,0.03260677930963213,0.8773706279645104,0.12052983563649591
D3,CODE-15%,M2_stmem_probe,ST-MEM probe,50,50,monotone_platt,5,5,0.03603354501540191,0.005567554120811416,0.027822910058675977,0.003964216194129907,0.9864637986720494,0.0009591824442750927
D3,CODE-15%,M2_stmem_probe,ST-MEM probe,50,50,temperature_scaling,5,5,0.04508455073335687,0.0031172854248692284,0.02781266374335658,0.0006187118504781432,0.9861843512715598,0.0006180599913113384
D3,CODE-15%,M2_stmem_probe,ST-MEM probe,75,75,isotonic_regression,5,5,0.02642417877395433,0.0024327274025120645,0.023013729732153706,0.000953467973277954,0.967293316995393,0.008999021974386607
D3,CODE-15%,M2_stmem_probe,ST-MEM probe,75,75,learned_mlp_head,5,5,0.05199021300719918,0.01187186418338576,0.041363156266392885,0.014274864849524579,0.8988390800632864,0.09285624774438955
D3,CODE-15%,M2_stmem_probe,ST-MEM probe,75,75,monotone_platt,5,5,0.03150814797855141,0.0022374941917499953,0.0230948762197882,0.0010111038400220321,0.9858201105486349,0.002344647479062286
D3,CODE-15%,M2_stmem_probe,ST-MEM probe,75,75,temperature_scaling,5,5,0.04244792205799469,0.0021530704522134438,0.02671033557765266,0.00047910178628259996,0.9867012574448296,0.000452247938281447
D3,CODE-15%,M2_stmem_probe,ST-MEM probe,100,100,isotonic_regression,5,5,0.024012435401782276,0.002195045188882928,0.023988890685854407,0.0018317213758606498,0.9588740922746087,0.005862335970139029
D3,CODE-15%,M2_stmem_probe,ST-MEM probe,100,100,learned_mlp_head,5,5,0.04468782511791839,0.0014365461211854542,0.03209236435685062,0.0014217018899584494,0.9637749763925815,0.003934438273529738
D3,CODE-15%,M2_stmem_probe,ST-MEM probe,100,100,monotone_platt,5,5,0.02958485041556978,0.002253042312205737,0.023036311483832957,0.001914719907432008,0.9869273814139705,1.1102230246251565e-16
D3,CODE-15%,M2_stmem_probe,ST-MEM probe,100,100,temperature_scaling,5,5,0.0420928131298136,0.0023668489627451206,0.026723904373468804,0.0005476448212463235,0.9868608743642232,0.0001330140994945328
D3,CODE-15%,M2_stmem_probe,ST-MEM probe,150,150,isotonic_regression,5,5,0.02103465853570603,0.0018913113820816644,0.022427557851714082,0.0007084885686375706,0.9661420027399672,0.006845378981091775
D3,CODE-15%,M2_stmem_probe,ST-MEM probe,150,150,learned_mlp_head,5,5,0.043866008964621575,0.0026509262659492536,0.028958889818876093,0.0004922676493681921,0.967942605414691,0.004197564764618823
D3,CODE-15%,M2_stmem_probe,ST-MEM probe,150,150,monotone_platt,5,5,0.029679858228193374,0.0009311378511177042,0.02114420453795336,0.00013721085771203152,0.9869273814139705,1.1102230246251565e-16
D3,CODE-15%,M2_stmem_probe,ST-MEM probe,150,150,temperature_scaling,5,5,0.043896191139652214,0.00181096370903664,0.026138988831473208,0.00011956774320650196,0.9869273814139705,1.1102230246251565e-16
D3,CODE-15%,M2_stmem_probe,ST-MEM probe,full,201,isotonic_regression,5,5,0.01819841188161613,0.0,0.021184983521118823,0.0,0.9756544797855324,1.1102230246251565e-16
D3,CODE-15%,M2_stmem_probe,ST-MEM probe,full,201,learned_mlp_head,5,5,0.04548963172298803,0.0,0.02873680284705794,3.469446951953614e-18,0.9705511429168039,1.1102230246251565e-16
D3,CODE-15%,M2_stmem_probe,ST-MEM probe,full,201,monotone_platt,5,5,0.0288353906362305,0.0,0.02067172336297893,0.0,0.9869273814139705,1.1102230246251565e-16
D3,CODE-15%,M2_stmem_probe,ST-MEM probe,full,201,temperature_scaling,5,5,0.042637344347629946,0.0,0.02610485136039199,0.0,0.9869273814139705,1.1102230246251565e-16
D3,CODE-15%,M6_s4d_configured,Configured S4D,10,10,isotonic_regression,5,5,0.05777523373917377,0.018376585923652048,0.08686304886713037,0.005393540673086474,0.543188338633424,0.013256731205567845
D3,CODE-15%,M6_s4d_configured,Configured S4D,10,10,learned_mlp_head,5,5,0.08288661021064035,0.02923700646007167,0.08590714060279475,0.006250303724621891,0.5058417309626848,0.002863874586664608
D3,CODE-15%,M6_s4d_configured,Configured S4D,10,10,monotone_platt,5,5,0.05074097515756355,0.012859013950590647,0.08167852679445256,0.002741070803671079,0.5483330655043196,0.0
D3,CODE-15%,M6_s4d_configured,Configured S4D,10,10,temperature_scaling,5,5,0.05069401866793764,0.012898606249789075,0.08165038024879105,0.0027660313023139395,0.5483330655043196,0.0
D3,CODE-15%,M6_s4d_configured,Configured S4D,20,20,isotonic_regression,5,5,0.06313167485777418,0.017012310113008366,0.08543146598647555,0.006968037667945519,0.5491677429174391,0.008182165946688278
D3,CODE-15%,M6_s4d_configured,Configured S4D,20,20,learned_mlp_head,5,5,0.07739834242748717,0.00941582663418933,0.08481520671415518,0.0022258412211308433,0.5092939525252296,0.004152364926518051
D3,CODE-15%,M6_s4d_configured,Configured S4D,20,20,monotone_platt,5,5,0.04792962533202648,0.01785389141331019,0.08280255679553336,0.0055635194432837294,0.5483330655043196,0.0
D3,CODE-15%,M6_s4d_configured,Configured S4D,20,20,temperature_scaling,5,5,0.041011392070499586,0.009534940767831596,0.07932315010509369,0.0012368462821033843,0.5483330655043196,0.0
D3,CODE-15%,M6_s4d_configured,Configured S4D,50,50,isotonic_regression,5,5,0.05459341136821495,0.012586385083868211,0.08244176136448841,0.0019409584427570524,0.546757216571127,0.0062914792662110966
D3,CODE-15%,M6_s4d_configured,Configured S4D,50,50,learned_mlp_head,5,5,0.04134370430869361,0.022516148258328723,0.07906674580562892,0.0028144839344574086,0.5203544135875445,0.0038045556844805727
D3,CODE-15%,M6_s4d_configured,Configured S4D,50,50,monotone_platt,5,5,0.04080757973960521,0.00670588341637326,0.07951848312819405,0.001076017670301494,0.5483330655043196,0.0
D3,CODE-15%,M6_s4d_configured,Configured S4D,50,50,temperature_scaling,5,5,0.03943413355080362,0.0066938212761171205,0.07883336658844972,0.0008919631082978424,0.5483330655043196,0.0
D3,CODE-15%,M6_s4d_configured,Configured S4D,75,75,isotonic_regression,5,5,0.05374391668193501,0.007773599779394487,0.08247139925404827,0.0034396487108894207,0.5596475352488127,0.008673065942880368
D3,CODE-15%,M6_s4d_configured,Configured S4D,75,75,learned_mlp_head,5,5,0.03492412151582539,0.006488664724977389,0.07809019608125443,0.000672318612309285,0.5181524362905805,0.006666640563344091
D3,CODE-15%,M6_s4d_configured,Configured S4D,75,75,monotone_platt,5,5,0.03675537270079588,0.011336460571969515,0.07899106177921142,0.001598553061951139,0.5483330655043196,0.0
D3,CODE-15%,M6_s4d_configured,Configured S4D,75,75,temperature_scaling,5,5,0.03694604797235857,0.008194523554397037,0.07855936198326391,0.0005936391327634896,0.5483330655043196,0.0
D3,CODE-15%,M6_s4d_configured,Configured S4D,100,100,isotonic_regression,5,5,0.047542628162062506,0.00140096961348233,0.08104008715731029,0.001652176474271846,0.5586923272569977,0.005424319486582829
D3,CODE-15%,M6_s4d_configured,Configured S4D,100,100,learned_mlp_head,5,5,0.03525315862397353,0.012922028125722847,0.07813445381660578,0.0012919033830187257,0.5165654187626834,0.006780200977949351
D3,CODE-15%,M6_s4d_configured,Configured S4D,100,100,monotone_platt,5,5,0.030263447355912,0.004555950773865105,0.07815302801425263,0.0008090083792586845,0.5483330655043196,0.0
D3,CODE-15%,M6_s4d_configured,Configured S4D,100,100,temperature_scaling,5,5,0.031291324305145515,0.003045763590367536,0.07803384328580121,0.0001335986003493639,0.5483330655043196,0.0
D3,CODE-15%,M6_s4d_configured,Configured S4D,150,150,isotonic_regression,5,5,0.04238687093670501,0.005841024497581155,0.07953549321479161,0.0011472819447433025,0.556863840786303,0.008598448340779047
D3,CODE-15%,M6_s4d_configured,Configured S4D,150,150,learned_mlp_head,5,5,0.02446689079018931,0.0051374009509141845,0.07728555478471603,0.0003490118008889249,0.5221037252784065,0.0027035365736477273
D3,CODE-15%,M6_s4d_configured,Configured S4D,150,150,monotone_platt,5,5,0.027623388558044894,0.005970555319561676,0.07743183091678307,0.0006268792243078613,0.5483330655043196,0.0
D3,CODE-15%,M6_s4d_configured,Configured S4D,150,150,temperature_scaling,5,5,0.029237723406704785,0.004083300438577672,0.07798522241743626,0.00025953446627156494,0.5483330655043196,0.0
D3,CODE-15%,M6_s4d_configured,Configured S4D,full,201,isotonic_regression,5,5,0.039240339694386575,0.0,0.07789229840267757,0.0,0.5678103673830538,0.0
D3,CODE-15%,M6_s4d_configured,Configured S4D,full,201,learned_mlp_head,5,5,0.0185695406422019,0.0,0.07695110664926498,0.0,0.5147475523618176,0.0
D3,CODE-15%,M6_s4d_configured,Configured S4D,full,201,monotone_platt,5,5,0.020158125269265578,0.0,0.07679760020776445,0.0,0.5483330655043196,0.0
D3,CODE-15%,M6_s4d_configured,Configured S4D,full,201,temperature_scaling,5,5,0.03168083121614939,0.0,0.0779024168753796,0.0,0.5483330655043196,0.0
