dataset_id,dataset_name,model_id,model_name,cal_size,effective_n,rep,seed,min_class_pos_in_cal,min_class_neg_in_cal,method,ece_ew,brier,auroc,status
D1,PTB-XL,M6_s4d_configured,Configured S4D,10,10,0,42,2,4,temperature_scaling,0.13667386938883352,0.16248423878261387,0.738817683229448,ok
D1,PTB-XL,M6_s4d_configured,Configured S4D,10,10,0,42,2,4,monotone_platt,0.1618256928380668,0.17587701562587424,0.738817683229448,ok
D1,PTB-XL,M6_s4d_configured,Configured S4D,10,10,0,42,2,4,isotonic_regression,0.19133545333600638,0.1978588400528854,0.7011989804930981,ok
D1,PTB-XL,M6_s4d_configured,Configured S4D,10,10,0,42,2,4,learned_mlp_head,0.2269302091141439,0.20830697524036,0.6339281718693484,ok
D1,PTB-XL,M6_s4d_configured,Configured S4D,10,10,1,43,1,5,temperature_scaling,0.13875812530128973,0.1719916350187368,0.7330115830115831,ok
D1,PTB-XL,M6_s4d_configured,Configured S4D,10,10,1,43,1,5,monotone_platt,0.172272083775236,0.19585526498216613,0.7329897965192083,ok
D1,PTB-XL,M6_s4d_configured,Configured S4D,10,10,1,43,1,5,isotonic_regression,0.19434498899839064,0.20598276166869436,0.7120507986978575,ok
D1,PTB-XL,M6_s4d_configured,Configured S4D,10,10,1,43,1,5,learned_mlp_head,0.12112078802959289,0.15728790775591805,0.742555942497119,ok
D1,PTB-XL,M6_s4d_configured,Configured S4D,10,10,2,44,2,5,temperature_scaling,0.1048465318666496,0.1521078633995248,0.738817683229448,ok
D1,PTB-XL,M6_s4d_configured,Configured S4D,10,10,2,44,2,5,monotone_platt,0.16225468437114435,0.18208832067664266,0.738817683229448,ok
D1,PTB-XL,M6_s4d_configured,Configured S4D,10,10,2,44,2,5,isotonic_regression,0.18595322739967474,0.2040633425116158,0.7299794290088408,ok
D1,PTB-XL,M6_s4d_configured,Configured S4D,10,10,2,44,2,5,learned_mlp_head,0.10235686187917085,0.15878175666421301,0.7191636846930964,ok
D1,PTB-XL,M6_s4d_configured,Configured S4D,10,10,3,45,0,5,temperature_scaling,0.13462078261464458,0.16059997245267377,0.738817683229448,ok
D1,PTB-XL,M6_s4d_configured,Configured S4D,10,10,3,45,0,5,monotone_platt,0.1529883877233619,0.1718131314258208,0.738817683229448,ok
D1,PTB-XL,M6_s4d_configured,Configured S4D,10,10,3,45,0,5,isotonic_regression,0.15403035698380124,0.18400682650107528,0.681543329043329,ok
D1,PTB-XL,M6_s4d_configured,Configured S4D,10,10,3,45,0,5,learned_mlp_head,0.11939436984803393,0.15785894578982068,0.7103282189752778,ok
D1,PTB-XL,M6_s4d_configured,Configured S4D,10,10,4,46,0,5,temperature_scaling,0.08796349258779429,0.15081846182905814,0.738817683229448,ok
D1,PTB-XL,M6_s4d_configured,Configured S4D,10,10,4,46,0,5,monotone_platt,0.1934271203152403,0.2073078283938486,0.7405606026194261,ok
D1,PTB-XL,M6_s4d_configured,Configured S4D,10,10,4,46,0,5,isotonic_regression,0.18940046827113638,0.20398976939011523,0.7092375148257501,ok
D1,PTB-XL,M6_s4d_configured,Configured S4D,10,10,4,46,0,5,learned_mlp_head,0.09114480948104606,0.147441950535997,0.7437672630613806,ok
D1,PTB-XL,M6_s4d_configured,Configured S4D,20,20,0,42,1,8,temperature_scaling,0.09045060001826286,0.14954270431846,0.738817683229448,ok
D1,PTB-XL,M6_s4d_configured,Configured S4D,20,20,0,42,1,8,monotone_platt,0.08948158215489024,0.15065498187630497,0.738817683229448,ok
D1,PTB-XL,M6_s4d_configured,Configured S4D,20,20,0,42,1,8,isotonic_regression,0.10014310438882985,0.16487090639641028,0.7062079979138803,ok
D1,PTB-XL,M6_s4d_configured,Configured S4D,20,20,0,42,1,8,learned_mlp_head,0.12560037572149169,0.16271453118927523,0.7371984337278455,ok
D1,PTB-XL,M6_s4d_configured,Configured S4D,20,20,1,43,1,8,temperature_scaling,0.0756788070930295,0.146052262220516,0.738817683229448,ok
D1,PTB-XL,M6_s4d_configured,Configured S4D,20,20,1,43,1,8,monotone_platt,0.08746488017943026,0.1518182114263451,0.738817683229448,ok
D1,PTB-XL,M6_s4d_configured,Configured S4D,20,20,1,43,1,8,isotonic_regression,0.11594166046847205,0.17168774027143183,0.7160905443258385,ok
D1,PTB-XL,M6_s4d_configured,Configured S4D,20,20,1,43,1,8,learned_mlp_head,0.08635737097440914,0.15051916046618513,0.7276350047526519,ok
D1,PTB-XL,M6_s4d_configured,Configured S4D,20,20,2,44,2,5,temperature_scaling,0.10341822356215753,0.1527237816931086,0.738817683229448,ok
D1,PTB-XL,M6_s4d_configured,Configured S4D,20,20,2,44,2,5,monotone_platt,0.12161267235412558,0.1592771440759572,0.738817683229448,ok
D1,PTB-XL,M6_s4d_configured,Configured S4D,20,20,2,44,2,5,isotonic_regression,0.1266005542556024,0.16677843038949164,0.6880201588142765,ok
D1,PTB-XL,M6_s4d_configured,Configured S4D,20,20,2,44,2,5,learned_mlp_head,0.12784684632224433,0.16172097168547633,0.7319149149149149,ok
D1,PTB-XL,M6_s4d_configured,Configured S4D,20,20,3,45,2,9,temperature_scaling,0.08852307338969381,0.15130150519935262,0.738817683229448,ok
D1,PTB-XL,M6_s4d_configured,Configured S4D,20,20,3,45,2,9,monotone_platt,0.0797048945230602,0.15094109644248643,0.738817683229448,ok
D1,PTB-XL,M6_s4d_configured,Configured S4D,20,20,3,45,2,9,isotonic_regression,0.12143230042472866,0.17342204328474473,0.7009399441458266,ok
D1,PTB-XL,M6_s4d_configured,Configured S4D,20,20,3,45,2,9,learned_mlp_head,0.10802894555842939,0.1545566358821215,0.7363386832210361,ok
D1,PTB-XL,M6_s4d_configured,Configured S4D,20,20,4,46,2,12,temperature_scaling,0.11023935503710207,0.16219317901511104,0.738817683229448,ok
D1,PTB-XL,M6_s4d_configured,Configured S4D,20,20,4,46,2,12,monotone_platt,0.1089340422417076,0.16464380812461293,0.738817683229448,ok
D1,PTB-XL,M6_s4d_configured,Configured S4D,20,20,4,46,2,12,isotonic_regression,0.13074682864536538,0.1704009142688781,0.7089897376367964,ok
D1,PTB-XL,M6_s4d_configured,Configured S4D,20,20,4,46,2,12,learned_mlp_head,0.1952062835193051,0.19081212426127533,0.6395492467257173,ok
D1,PTB-XL,M6_s4d_configured,Configured S4D,50,50,0,42,5,16,temperature_scaling,0.0927959802621876,0.1505222738093353,0.738817683229448,ok
D1,PTB-XL,M6_s4d_configured,Configured S4D,50,50,0,42,5,16,monotone_platt,0.09806241427121044,0.1565527245691675,0.738817683229448,ok
D1,PTB-XL,M6_s4d_configured,Configured S4D,50,50,0,42,5,16,isotonic_regression,0.1036851972203691,0.16192395956488057,0.7149451972981384,ok
D1,PTB-XL,M6_s4d_configured,Configured S4D,50,50,0,42,5,16,learned_mlp_head,0.1041137408445845,0.1514627418115964,0.7412111775641187,ok
D1,PTB-XL,M6_s4d_configured,Configured S4D,50,50,1,43,1,19,temperature_scaling,0.07917928825119562,0.14695245285656292,0.738817683229448,ok
D1,PTB-XL,M6_s4d_configured,Configured S4D,50,50,1,43,1,19,monotone_platt,0.07908374160857456,0.1471139699766279,0.738817683229448,ok
D1,PTB-XL,M6_s4d_configured,Configured S4D,50,50,1,43,1,19,isotonic_regression,0.08440671472703096,0.15631334027350693,0.7201509324450501,ok
D1,PTB-XL,M6_s4d_configured,Configured S4D,50,50,1,43,1,19,learned_mlp_head,0.08798461768756877,0.15031338271495434,0.7323077699548287,ok
D1,PTB-XL,M6_s4d_configured,Configured S4D,50,50,2,44,2,20,temperature_scaling,0.07188427621169444,0.1466917653456254,0.738817683229448,ok
D1,PTB-XL,M6_s4d_configured,Configured S4D,50,50,2,44,2,20,monotone_platt,0.07190127484882489,0.14799874218016296,0.738817683229448,ok
D1,PTB-XL,M6_s4d_configured,Configured S4D,50,50,2,44,2,20,isotonic_regression,0.07615837176790237,0.15668879526183446,0.6830864646158763,ok
D1,PTB-XL,M6_s4d_configured,Configured S4D,50,50,2,44,2,20,learned_mlp_head,0.12258600700704544,0.15836330124454018,0.7478680445151034,ok
D1,PTB-XL,M6_s4d_configured,Configured S4D,50,50,3,45,5,25,temperature_scaling,0.08241137124794015,0.14841652985146997,0.738817683229448,ok
D1,PTB-XL,M6_s4d_configured,Configured S4D,50,50,3,45,5,25,monotone_platt,0.09231078927183231,0.14940157398687653,0.738817683229448,ok
D1,PTB-XL,M6_s4d_configured,Configured S4D,50,50,3,45,5,25,isotonic_regression,0.08647808380902625,0.1585926671127741,0.7214670132317191,ok
D1,PTB-XL,M6_s4d_configured,Configured S4D,50,50,3,45,5,25,learned_mlp_head,0.1045804179857432,0.1506684064568556,0.750587688528865,ok
D1,PTB-XL,M6_s4d_configured,Configured S4D,50,50,4,46,3,22,temperature_scaling,0.0877446179731242,0.14789195892011295,0.738817683229448,ok
D1,PTB-XL,M6_s4d_configured,Configured S4D,50,50,4,46,3,22,monotone_platt,0.09360037667435603,0.15670325589658785,0.738817683229448,ok
D1,PTB-XL,M6_s4d_configured,Configured S4D,50,50,4,46,3,22,isotonic_regression,0.10502448354177249,0.16655165391989188,0.7024315491962551,ok
D1,PTB-XL,M6_s4d_configured,Configured S4D,50,50,4,46,3,22,learned_mlp_head,0.0942690078613054,0.15089454681734477,0.7479246809835045,ok
D1,PTB-XL,M6_s4d_configured,Configured S4D,75,75,0,42,6,28,temperature_scaling,0.06583621295103864,0.14579868680381744,0.738817683229448,ok
D1,PTB-XL,M6_s4d_configured,Configured S4D,75,75,0,42,6,28,monotone_platt,0.07512236746335456,0.1462813476550372,0.738817683229448,ok
D1,PTB-XL,M6_s4d_configured,Configured S4D,75,75,0,42,6,28,isotonic_regression,0.06948395743988177,0.15318451512979778,0.7187935666759195,ok
D1,PTB-XL,M6_s4d_configured,Configured S4D,75,75,0,42,6,28,learned_mlp_head,0.07557005028727759,0.14765677351000245,0.7446899756899757,ok
D1,PTB-XL,M6_s4d_configured,Configured S4D,75,75,1,43,4,23,temperature_scaling,0.07387497047916514,0.1476494982569031,0.738817683229448,ok
D1,PTB-XL,M6_s4d_configured,Configured S4D,75,75,1,43,4,23,monotone_platt,0.08552452944088137,0.15223373506242693,0.738817683229448,ok
D1,PTB-XL,M6_s4d_configured,Configured S4D,75,75,1,43,4,23,isotonic_regression,0.08550453462009075,0.1577308813073976,0.7144682960271196,ok
D1,PTB-XL,M6_s4d_configured,Configured S4D,75,75,1,43,4,23,learned_mlp_head,0.09114201131609746,0.14807252537022916,0.7528163962281609,ok
D1,PTB-XL,M6_s4d_configured,Configured S4D,75,75,2,44,6,28,temperature_scaling,0.07609524757590776,0.14659315833110004,0.738817683229448,ok
D1,PTB-XL,M6_s4d_configured,Configured S4D,75,75,2,44,6,28,monotone_platt,0.08295729851163838,0.15221271648621762,0.738817683229448,ok
D1,PTB-XL,M6_s4d_configured,Configured S4D,75,75,2,44,6,28,isotonic_regression,0.08721391285344274,0.1607609683112622,0.7193601837131249,ok
D1,PTB-XL,M6_s4d_configured,Configured S4D,75,75,2,44,6,28,learned_mlp_head,0.09649856829813107,0.14888735114337884,0.7437878971408384,ok
D1,PTB-XL,M6_s4d_configured,Configured S4D,75,75,3,45,6,28,temperature_scaling,0.08680139023527596,0.14788087071208514,0.738817683229448,ok
D1,PTB-XL,M6_s4d_configured,Configured S4D,75,75,3,45,6,28,monotone_platt,0.07500916355411806,0.1495867984125136,0.738817683229448,ok
D1,PTB-XL,M6_s4d_configured,Configured S4D,75,75,3,45,6,28,isotonic_regression,0.0800119369336327,0.1526392669049492,0.7219581850758322,ok
D1,PTB-XL,M6_s4d_configured,Configured S4D,75,75,3,45,6,28,learned_mlp_head,0.09560958112112289,0.14707030297109286,0.7460894255600138,ok
D1,PTB-XL,M6_s4d_configured,Configured S4D,75,75,4,46,7,29,temperature_scaling,0.07205728481330854,0.14577763070631317,0.738817683229448,ok
D1,PTB-XL,M6_s4d_configured,Configured S4D,75,75,4,46,7,29,monotone_platt,0.06543949746931113,0.1451613627673406,0.738817683229448,ok
D1,PTB-XL,M6_s4d_configured,Configured S4D,75,75,4,46,7,29,isotonic_regression,0.060467233728026926,0.14771274227718528,0.716507473860415,ok
D1,PTB-XL,M6_s4d_configured,Configured S4D,75,75,4,46,7,29,learned_mlp_head,0.0734307344481735,0.1474141935093894,0.7366901775725305,ok
D1,PTB-XL,M6_s4d_configured,Configured S4D,100,100,0,42,8,43,temperature_scaling,0.07585056632485929,0.14572189246423697,0.738817683229448,ok
D1,PTB-XL,M6_s4d_configured,Configured S4D,100,100,0,42,8,43,monotone_platt,0.0709144498995202,0.1466016527877061,0.738817683229448,ok
D1,PTB-XL,M6_s4d_configured,Configured S4D,100,100,0,42,8,43,isotonic_regression,0.05434958526456256,0.15018017673191994,0.7216166039989569,ok
D1,PTB-XL,M6_s4d_configured,Configured S4D,100,100,0,42,8,43,learned_mlp_head,0.06525988066520715,0.14392376141692034,0.7506126630832514,ok
D1,PTB-XL,M6_s4d_configured,Configured S4D,100,100,1,43,2,42,temperature_scaling,0.07287145618736109,0.14834065307729632,0.738817683229448,ok
D1,PTB-XL,M6_s4d_configured,Configured S4D,100,100,1,43,2,42,monotone_platt,0.07667933079724026,0.14916416655264927,0.738817683229448,ok
D1,PTB-XL,M6_s4d_configured,Configured S4D,100,100,1,43,2,42,isotonic_regression,0.07981836931882931,0.1546740150559492,0.7201888022476257,ok
D1,PTB-XL,M6_s4d_configured,Configured S4D,100,100,1,43,2,42,learned_mlp_head,0.07981720873362196,0.1450588591660731,0.7537974360915537,ok
D1,PTB-XL,M6_s4d_configured,Configured S4D,100,100,2,44,6,36,temperature_scaling,0.06846459817385322,0.14593147837881207,0.738817683229448,ok
D1,PTB-XL,M6_s4d_configured,Configured S4D,100,100,2,44,6,36,monotone_platt,0.09406831927546837,0.15292111585895934,0.738817683229448,ok
D1,PTB-XL,M6_s4d_configured,Configured S4D,100,100,2,44,6,36,isotonic_regression,0.08912443148498495,0.15976539690225283,0.7100094506270977,ok
D1,PTB-XL,M6_s4d_configured,Configured S4D,100,100,2,44,6,36,learned_mlp_head,0.08637336667993833,0.14924283956591738,0.7470600348247407,ok
D1,PTB-XL,M6_s4d_configured,Configured S4D,100,100,3,45,9,45,temperature_scaling,0.07028358839214963,0.14657760984138196,0.738817683229448,ok
D1,PTB-XL,M6_s4d_configured,Configured S4D,100,100,3,45,9,45,monotone_platt,0.08627738186677081,0.15218809186596632,0.738817683229448,ok
D1,PTB-XL,M6_s4d_configured,Configured S4D,100,100,3,45,9,45,isotonic_regression,0.07482984567696065,0.16457120373688136,0.7119884127825304,ok
D1,PTB-XL,M6_s4d_configured,Configured S4D,100,100,3,45,9,45,learned_mlp_head,0.07725373163356064,0.145543281108784,0.7539971147618206,ok
D1,PTB-XL,M6_s4d_configured,Configured S4D,100,100,4,46,9,42,temperature_scaling,0.07936413611259338,0.1453521969450244,0.738817683229448,ok
D1,PTB-XL,M6_s4d_configured,Configured S4D,100,100,4,46,9,42,monotone_platt,0.0662532230980777,0.1468753145193199,0.738817683229448,ok
D1,PTB-XL,M6_s4d_configured,Configured S4D,100,100,4,46,9,42,isotonic_regression,0.06127115897980327,0.15095440854443373,0.7168963627493039,ok
D1,PTB-XL,M6_s4d_configured,Configured S4D,100,100,4,46,9,42,learned_mlp_head,0.07641656612253558,0.1477990640178405,0.7406270472152825,ok
D1,PTB-XL,M6_s4d_configured,Configured S4D,150,150,0,42,8,57,temperature_scaling,0.07238433396528679,0.1460257623329913,0.738817683229448,ok
D1,PTB-XL,M6_s4d_configured,Configured S4D,150,150,0,42,8,57,monotone_platt,0.0765434685535073,0.148401670407791,0.738817683229448,ok
D1,PTB-XL,M6_s4d_configured,Configured S4D,150,150,0,42,8,57,isotonic_regression,0.0681896098465902,0.1508375075444183,0.7244518468047879,ok
D1,PTB-XL,M6_s4d_configured,Configured S4D,150,150,0,42,8,57,learned_mlp_head,0.07397978174948938,0.145748833662868,0.7488074292780176,ok
D1,PTB-XL,M6_s4d_configured,Configured S4D,150,150,1,43,11,58,temperature_scaling,0.0695172200340672,0.1455493167431357,0.738817683229448,ok
D1,PTB-XL,M6_s4d_configured,Configured S4D,150,150,1,43,11,58,monotone_platt,0.060083569842576255,0.14691718438522955,0.738817683229448,ok
D1,PTB-XL,M6_s4d_configured,Configured S4D,150,150,1,43,11,58,isotonic_regression,0.06255747650003264,0.15072698559124756,0.7235005677946854,ok
D1,PTB-XL,M6_s4d_configured,Configured S4D,150,150,1,43,11,58,learned_mlp_head,0.0913226769223732,0.15094952217208354,0.7409014392543805,ok
D1,PTB-XL,M6_s4d_configured,Configured S4D,150,150,2,44,11,67,temperature_scaling,0.07585525812475752,0.1458876361993216,0.738817683229448,ok
D1,PTB-XL,M6_s4d_configured,Configured S4D,150,150,2,44,11,67,monotone_platt,0.07714031018287748,0.14783573379904186,0.738817683229448,ok
D1,PTB-XL,M6_s4d_configured,Configured S4D,150,150,2,44,11,67,isotonic_regression,0.06926738400053808,0.15458387314864577,0.7244623068446597,ok
D1,PTB-XL,M6_s4d_configured,Configured S4D,150,150,2,44,11,67,learned_mlp_head,0.0651653906185701,0.14477348260835704,0.7514346615523085,ok
D1,PTB-XL,M6_s4d_configured,Configured S4D,150,150,3,45,11,59,temperature_scaling,0.06486611210752072,0.1454947464150346,0.738817683229448,ok
D1,PTB-XL,M6_s4d_configured,Configured S4D,150,150,3,45,11,59,monotone_platt,0.06772227275333996,0.14702227761127645,0.738817683229448,ok
D1,PTB-XL,M6_s4d_configured,Configured S4D,150,150,3,45,11,59,isotonic_regression,0.056479722261117596,0.14998448545426996,0.7230641565935685,ok
D1,PTB-XL,M6_s4d_configured,Configured S4D,150,150,3,45,11,59,learned_mlp_head,0.07011264037977846,0.14437096889994802,0.7499413783531431,ok
D1,PTB-XL,M6_s4d_configured,Configured S4D,150,150,4,46,10,57,temperature_scaling,0.07306440477647085,0.14565727202265452,0.738817683229448,ok
D1,PTB-XL,M6_s4d_configured,Configured S4D,150,150,4,46,10,57,monotone_platt,0.0730621516489615,0.14764257017032995,0.738817683229448,ok
D1,PTB-XL,M6_s4d_configured,Configured S4D,150,150,4,46,10,57,isotonic_regression,0.06028019225654115,0.15300051126031833,0.7228917152446563,ok
D1,PTB-XL,M6_s4d_configured,Configured S4D,150,150,4,46,10,57,learned_mlp_head,0.07674740461217616,0.14577609598836783,0.748450786921375,ok
D1,PTB-XL,M6_s4d_configured,Configured S4D,full,203,0,42,13,81,temperature_scaling,0.06953543303762405,0.1456050147442395,0.738817683229448,ok
D1,PTB-XL,M6_s4d_configured,Configured S4D,full,203,0,42,13,81,monotone_platt,0.07475178373108424,0.14723400468522554,0.738817683229448,ok
D1,PTB-XL,M6_s4d_configured,Configured S4D,full,203,0,42,13,81,isotonic_regression,0.06088315856381599,0.15132426271958144,0.7245871880283645,ok
D1,PTB-XL,M6_s4d_configured,Configured S4D,full,203,0,42,13,81,learned_mlp_head,0.07893436022025624,0.14561316798940216,0.7495291257644199,ok
D1,PTB-XL,M6_s4d_configured,Configured S4D,full,203,1,43,13,81,temperature_scaling,0.06953543303762405,0.1456050147442395,0.738817683229448,ok
D1,PTB-XL,M6_s4d_configured,Configured S4D,full,203,1,43,13,81,monotone_platt,0.07475178373108424,0.14723400468522554,0.738817683229448,ok
D1,PTB-XL,M6_s4d_configured,Configured S4D,full,203,1,43,13,81,isotonic_regression,0.06088315856381599,0.15132426271958144,0.7245871880283645,ok
D1,PTB-XL,M6_s4d_configured,Configured S4D,full,203,1,43,13,81,learned_mlp_head,0.07893436022025624,0.14561316798940216,0.7495291257644199,ok
D1,PTB-XL,M6_s4d_configured,Configured S4D,full,203,2,44,13,81,temperature_scaling,0.06953543303762405,0.1456050147442395,0.738817683229448,ok
D1,PTB-XL,M6_s4d_configured,Configured S4D,full,203,2,44,13,81,monotone_platt,0.07475178373108424,0.14723400468522554,0.738817683229448,ok
D1,PTB-XL,M6_s4d_configured,Configured S4D,full,203,2,44,13,81,isotonic_regression,0.06088315856381599,0.15132426271958144,0.7245871880283645,ok
D1,PTB-XL,M6_s4d_configured,Configured S4D,full,203,2,44,13,81,learned_mlp_head,0.07893436022025624,0.14561316798940216,0.7495291257644199,ok
D1,PTB-XL,M6_s4d_configured,Configured S4D,full,203,3,45,13,81,temperature_scaling,0.06953543303762405,0.1456050147442395,0.738817683229448,ok
D1,PTB-XL,M6_s4d_configured,Configured S4D,full,203,3,45,13,81,monotone_platt,0.07475178373108424,0.14723400468522554,0.738817683229448,ok
D1,PTB-XL,M6_s4d_configured,Configured S4D,full,203,3,45,13,81,isotonic_regression,0.06088315856381599,0.15132426271958144,0.7245871880283645,ok
D1,PTB-XL,M6_s4d_configured,Configured S4D,full,203,3,45,13,81,learned_mlp_head,0.07893436022025624,0.14561316798940216,0.7495291257644199,ok
D1,PTB-XL,M6_s4d_configured,Configured S4D,full,203,4,46,13,81,temperature_scaling,0.06953543303762405,0.1456050147442395,0.738817683229448,ok
D1,PTB-XL,M6_s4d_configured,Configured S4D,full,203,4,46,13,81,monotone_platt,0.07475178373108424,0.14723400468522554,0.738817683229448,ok
D1,PTB-XL,M6_s4d_configured,Configured S4D,full,203,4,46,13,81,isotonic_regression,0.06088315856381599,0.15132426271958144,0.7245871880283645,ok
D1,PTB-XL,M6_s4d_configured,Configured S4D,full,203,4,46,13,81,learned_mlp_head,0.07893436022025624,0.14561316798940216,0.7495291257644199,ok
D1,PTB-XL,M2_stmem_probe,ST-MEM probe,10,10,0,42,2,4,temperature_scaling,0.15826854320898007,0.12882341700744188,0.8746336588689531,ok
D1,PTB-XL,M2_stmem_probe,ST-MEM probe,10,10,0,42,2,4,monotone_platt,0.13959866556284972,0.1261415694877055,0.87927418174477,ok
D1,PTB-XL,M2_stmem_probe,ST-MEM probe,10,10,0,42,2,4,isotonic_regression,0.12374056393808237,0.12911669694702185,0.8262743163331399,ok
D1,PTB-XL,M2_stmem_probe,ST-MEM probe,10,10,0,42,2,4,learned_mlp_head,0.11167752035453775,0.135839501800602,0.815969196086843,ok
D1,PTB-XL,M2_stmem_probe,ST-MEM probe,10,10,1,43,1,5,temperature_scaling,0.16937133385760061,0.14225658138113448,0.876726562697151,ok
D1,PTB-XL,M2_stmem_probe,ST-MEM probe,10,10,1,43,1,5,monotone_platt,0.13928597620363886,0.1286893222464296,0.8781194976489095,ok
D1,PTB-XL,M2_stmem_probe,ST-MEM probe,10,10,1,43,1,5,isotonic_regression,0.11952700514429271,0.11932083625431585,0.8519473843591492,ok
D1,PTB-XL,M2_stmem_probe,ST-MEM probe,10,10,1,43,1,5,learned_mlp_head,0.12656628405669257,0.13983467870614316,0.8022941176470588,ok
D1,PTB-XL,M2_stmem_probe,ST-MEM probe,10,10,2,44,2,5,temperature_scaling,0.17165403318217126,0.12473041117078457,0.87927418174477,ok
D1,PTB-XL,M2_stmem_probe,ST-MEM probe,10,10,2,44,2,5,monotone_platt,0.11827266265415019,0.10659311343736717,0.87927418174477,ok
D1,PTB-XL,M2_stmem_probe,ST-MEM probe,10,10,2,44,2,5,isotonic_regression,0.11043398648187577,0.11838873166819275,0.8216764663823486,ok
D1,PTB-XL,M2_stmem_probe,ST-MEM probe,10,10,2,44,2,5,learned_mlp_head,0.11600027962737362,0.13047251541309443,0.7881113382289853,ok
D1,PTB-XL,M2_stmem_probe,ST-MEM probe,10,10,3,45,0,5,temperature_scaling,0.1472495976671048,0.12201086392549239,0.876071567365685,ok
D1,PTB-XL,M2_stmem_probe,ST-MEM probe,10,10,3,45,0,5,monotone_platt,0.12725885586500943,0.11474800643167349,0.87927418174477,ok
D1,PTB-XL,M2_stmem_probe,ST-MEM probe,10,10,3,45,0,5,isotonic_regression,0.11384769018312155,0.11737961043439873,0.8416790445908093,ok
D1,PTB-XL,M2_stmem_probe,ST-MEM probe,10,10,3,45,0,5,learned_mlp_head,0.08861801699690589,0.11555898063141865,0.7593469519940108,ok
D1,PTB-XL,M2_stmem_probe,ST-MEM probe,10,10,4,46,0,5,temperature_scaling,0.114210071087297,0.11077430646304447,0.87927418174477,ok
D1,PTB-XL,M2_stmem_probe,ST-MEM probe,10,10,4,46,0,5,monotone_platt,0.08757088872634297,0.10368606487757448,0.87927418174477,ok
D1,PTB-XL,M2_stmem_probe,ST-MEM probe,10,10,4,46,0,5,isotonic_regression,0.08993010450580782,0.10872899473965258,0.860522194463371,ok
D1,PTB-XL,M2_stmem_probe,ST-MEM probe,10,10,4,46,0,5,learned_mlp_head,0.10710594079775707,0.12544318740597696,0.8188330010682952,ok
D1,PTB-XL,M2_stmem_probe,ST-MEM probe,20,20,0,42,1,8,temperature_scaling,0.12035734633775852,0.11126833986950709,0.87927418174477,ok
D1,PTB-XL,M2_stmem_probe,ST-MEM probe,20,20,0,42,1,8,monotone_platt,0.09561534570994282,0.10320528870947462,0.87927418174477,ok
D1,PTB-XL,M2_stmem_probe,ST-MEM probe,20,20,0,42,1,8,isotonic_regression,0.09374658017906065,0.10632565621746767,0.8710473582826523,ok
D1,PTB-XL,M2_stmem_probe,ST-MEM probe,20,20,0,42,1,8,learned_mlp_head,0.10236396089876602,0.13007257893576724,0.7870184974890858,ok
D1,PTB-XL,M2_stmem_probe,ST-MEM probe,20,20,1,43,1,8,temperature_scaling,0.11697458916651564,0.1128903240353036,0.87927418174477,ok
D1,PTB-XL,M2_stmem_probe,ST-MEM probe,20,20,1,43,1,8,monotone_platt,0.11669224366547293,0.11816330243658801,0.8775312623547917,ok
D1,PTB-XL,M2_stmem_probe,ST-MEM probe,20,20,1,43,1,8,isotonic_regression,0.1186400387790189,0.12165369040315292,0.8591222651222651,ok
D1,PTB-XL,M2_stmem_probe,ST-MEM probe,20,20,1,43,1,8,learned_mlp_head,0.08776714339311877,0.12540523264951564,0.7718175318175318,ok
D1,PTB-XL,M2_stmem_probe,ST-MEM probe,20,20,2,44,2,5,temperature_scaling,0.11758979849057191,0.12744801005122733,0.8708017260958438,ok
D1,PTB-XL,M2_stmem_probe,ST-MEM probe,20,20,2,44,2,5,monotone_platt,0.10611608297999928,0.11970489763392386,0.8773787569081687,ok
D1,PTB-XL,M2_stmem_probe,ST-MEM probe,20,20,2,44,2,5,isotonic_regression,0.12161366268397618,0.12852588523748346,0.8440942917707623,ok
D1,PTB-XL,M2_stmem_probe,ST-MEM probe,20,20,2,44,2,5,learned_mlp_head,0.09077878380100812,0.11433696230320708,0.8428539295598119,ok
D1,PTB-XL,M2_stmem_probe,ST-MEM probe,20,20,3,45,2,9,temperature_scaling,0.1215521442777652,0.11599130112251925,0.87927418174477,ok
D1,PTB-XL,M2_stmem_probe,ST-MEM probe,20,20,3,45,2,9,monotone_platt,0.1044179980378764,0.10551864985676729,0.8785337522396347,ok
D1,PTB-XL,M2_stmem_probe,ST-MEM probe,20,20,3,45,2,9,isotonic_regression,0.08906934904601604,0.10487798768519803,0.8134456220926809,ok
D1,PTB-XL,M2_stmem_probe,ST-MEM probe,20,20,3,45,2,9,learned_mlp_head,0.12973848790113712,0.13126502553647257,0.7704823899529782,ok
D1,PTB-XL,M2_stmem_probe,ST-MEM probe,20,20,4,46,2,12,temperature_scaling,0.1268561110323069,0.11233981889142812,0.87927418174477,ok
D1,PTB-XL,M2_stmem_probe,ST-MEM probe,20,20,4,46,2,12,monotone_platt,0.10894446588625524,0.1033937646061874,0.87927418174477,ok
D1,PTB-XL,M2_stmem_probe,ST-MEM probe,20,20,4,46,2,12,isotonic_regression,0.11234491026805518,0.1090105627762759,0.8581595587183823,ok
D1,PTB-XL,M2_stmem_probe,ST-MEM probe,20,20,4,46,2,12,learned_mlp_head,0.18363565035125753,0.1610859444498367,0.7347025512907865,ok
D1,PTB-XL,M2_stmem_probe,ST-MEM probe,50,50,0,42,5,16,temperature_scaling,0.11161560398600734,0.10983099206234033,0.87927418174477,ok
D1,PTB-XL,M2_stmem_probe,ST-MEM probe,50,50,0,42,5,16,monotone_platt,0.06940796116571339,0.09488216477708973,0.87927418174477,ok
D1,PTB-XL,M2_stmem_probe,ST-MEM probe,50,50,0,42,5,16,isotonic_regression,0.07422210433426009,0.1028849695358542,0.8306496875026287,ok
D1,PTB-XL,M2_stmem_probe,ST-MEM probe,50,50,0,42,5,16,learned_mlp_head,0.0800853414035769,0.1093285887742295,0.8467598859363565,ok
D1,PTB-XL,M2_stmem_probe,ST-MEM probe,50,50,1,43,1,19,temperature_scaling,0.10546769905987294,0.10925078028927615,0.87927418174477,ok
D1,PTB-XL,M2_stmem_probe,ST-MEM probe,50,50,1,43,1,19,monotone_platt,0.07869837845872998,0.09942309099773168,0.87927418174477,ok
D1,PTB-XL,M2_stmem_probe,ST-MEM probe,50,50,1,43,1,19,isotonic_regression,0.08828555548166174,0.10543137434421379,0.865603553132965,ok
D1,PTB-XL,M2_stmem_probe,ST-MEM probe,50,50,1,43,1,19,learned_mlp_head,0.07346537530644184,0.10693534295946905,0.8344898848428259,ok
D1,PTB-XL,M2_stmem_probe,ST-MEM probe,50,50,2,44,2,20,temperature_scaling,0.12068671143514682,0.11072486759529929,0.87927418174477,ok
D1,PTB-XL,M2_stmem_probe,ST-MEM probe,50,50,2,44,2,20,monotone_platt,0.061146688479690195,0.09055012531671583,0.87927418174477,ok
D1,PTB-XL,M2_stmem_probe,ST-MEM probe,50,50,2,44,2,20,isotonic_regression,0.052646791521699675,0.09222689390824144,0.8501997207291325,ok
D1,PTB-XL,M2_stmem_probe,ST-MEM probe,50,50,2,44,2,20,learned_mlp_head,0.10751830829027557,0.1284887701846254,0.7892054659701719,ok
D1,PTB-XL,M2_stmem_probe,ST-MEM probe,50,50,3,45,5,25,temperature_scaling,0.12316582541705148,0.11011098523951461,0.87927418174477,ok
D1,PTB-XL,M2_stmem_probe,ST-MEM probe,50,50,3,45,5,25,monotone_platt,0.05872277216217403,0.091632812371811,0.87927418174477,ok
D1,PTB-XL,M2_stmem_probe,ST-MEM probe,50,50,3,45,5,25,isotonic_regression,0.07066255970526951,0.099789917352252,0.8131931679578738,ok
D1,PTB-XL,M2_stmem_probe,ST-MEM probe,50,50,3,45,5,25,learned_mlp_head,0.0704121683366534,0.10140078577974525,0.8692364212952448,ok
D1,PTB-XL,M2_stmem_probe,ST-MEM probe,50,50,4,46,3,22,temperature_scaling,0.1289300528307487,0.11139935494959274,0.87927418174477,ok
D1,PTB-XL,M2_stmem_probe,ST-MEM probe,50,50,4,46,3,22,monotone_platt,0.07161523558498835,0.09295337368343504,0.87927418174477,ok
D1,PTB-XL,M2_stmem_probe,ST-MEM probe,50,50,4,46,3,22,isotonic_regression,0.08606483310790869,0.09979775198048316,0.8651300123653065,ok
D1,PTB-XL,M2_stmem_probe,ST-MEM probe,50,50,4,46,3,22,learned_mlp_head,0.07856504026525339,0.11335002271051162,0.8491617920441449,ok
D1,PTB-XL,M2_stmem_probe,ST-MEM probe,75,75,0,42,6,28,temperature_scaling,0.10924126502681561,0.11029343454826271,0.87927418174477,ok
D1,PTB-XL,M2_stmem_probe,ST-MEM probe,75,75,0,42,6,28,monotone_platt,0.06291296510407828,0.08948055849081071,0.87927418174477,ok
D1,PTB-XL,M2_stmem_probe,ST-MEM probe,75,75,0,42,6,28,isotonic_regression,0.060035509756095874,0.09441277365855985,0.8596106064047241,ok
D1,PTB-XL,M2_stmem_probe,ST-MEM probe,75,75,0,42,6,28,learned_mlp_head,0.07166350452830156,0.10170412903371492,0.8688225704696293,ok
D1,PTB-XL,M2_stmem_probe,ST-MEM probe,75,75,1,43,4,23,temperature_scaling,0.102339784748034,0.11018678751775238,0.87927418174477,ok
D1,PTB-XL,M2_stmem_probe,ST-MEM probe,75,75,1,43,4,23,monotone_platt,0.05717317640538755,0.08980007156579162,0.87927418174477,ok
D1,PTB-XL,M2_stmem_probe,ST-MEM probe,75,75,1,43,4,23,isotonic_regression,0.07096677702746829,0.0984807788636796,0.8585285537638478,ok
D1,PTB-XL,M2_stmem_probe,ST-MEM probe,75,75,1,43,4,23,learned_mlp_head,0.0741565923798839,0.10996065486928899,0.8559491087726382,ok
D1,PTB-XL,M2_stmem_probe,ST-MEM probe,75,75,2,44,6,28,temperature_scaling,0.11576205146981122,0.10967361275717993,0.87927418174477,ok
D1,PTB-XL,M2_stmem_probe,ST-MEM probe,75,75,2,44,6,28,monotone_platt,0.060747750308416115,0.0909792981282689,0.87927418174477,ok
D1,PTB-XL,M2_stmem_probe,ST-MEM probe,75,75,2,44,6,28,isotonic_regression,0.06462163108376935,0.09689655609709613,0.8599999579411343,ok
D1,PTB-XL,M2_stmem_probe,ST-MEM probe,75,75,2,44,6,28,learned_mlp_head,0.07016470206206558,0.10531475939422145,0.8598641330406036,ok
D1,PTB-XL,M2_stmem_probe,ST-MEM probe,75,75,3,45,6,28,temperature_scaling,0.11614974058800005,0.11005233723421073,0.87927418174477,ok
D1,PTB-XL,M2_stmem_probe,ST-MEM probe,75,75,3,45,6,28,monotone_platt,0.06273228424736013,0.09080581153836594,0.87927418174477,ok
D1,PTB-XL,M2_stmem_probe,ST-MEM probe,75,75,3,45,6,28,isotonic_regression,0.06146909774049667,0.09938390617885355,0.8587962710609769,ok
D1,PTB-XL,M2_stmem_probe,ST-MEM probe,75,75,3,45,6,28,learned_mlp_head,0.07486560221365171,0.1063398104646693,0.8577382845029904,ok
D1,PTB-XL,M2_stmem_probe,ST-MEM probe,75,75,4,46,7,29,temperature_scaling,0.1314643615565338,0.1115976687417459,0.87927418174477,ok
D1,PTB-XL,M2_stmem_probe,ST-MEM probe,75,75,4,46,7,29,monotone_platt,0.06804564315600843,0.0928572310209447,0.87927418174477,ok
D1,PTB-XL,M2_stmem_probe,ST-MEM probe,75,75,4,46,7,29,isotonic_regression,0.04315652399340383,0.09444946239594616,0.8654467576820519,ok
D1,PTB-XL,M2_stmem_probe,ST-MEM probe,75,75,4,46,7,29,learned_mlp_head,0.07518694465388809,0.10643893496858511,0.8454399189105072,ok
D1,PTB-XL,M2_stmem_probe,ST-MEM probe,100,100,0,42,8,43,temperature_scaling,0.11887730860873216,0.11043395068783679,0.87927418174477,ok
D1,PTB-XL,M2_stmem_probe,ST-MEM probe,100,100,0,42,8,43,monotone_platt,0.05411789012907139,0.08870361031525001,0.87927418174477,ok
D1,PTB-XL,M2_stmem_probe,ST-MEM probe,100,100,0,42,8,43,isotonic_regression,0.062349957246107666,0.09682259589532359,0.8498887753299519,ok
D1,PTB-XL,M2_stmem_probe,ST-MEM probe,100,100,0,42,8,43,learned_mlp_head,0.06570574171681902,0.10290400411109177,0.8593034378916732,ok
D1,PTB-XL,M2_stmem_probe,ST-MEM probe,100,100,1,43,2,42,temperature_scaling,0.10992122180936123,0.10952417849845224,0.87927418174477,ok
D1,PTB-XL,M2_stmem_probe,ST-MEM probe,100,100,1,43,2,42,monotone_platt,0.05414174916136775,0.09289121280782746,0.87927418174477,ok
D1,PTB-XL,M2_stmem_probe,ST-MEM probe,100,100,1,43,2,42,isotonic_regression,0.062519109507403,0.09625877503346882,0.8511355977826567,ok
D1,PTB-XL,M2_stmem_probe,ST-MEM probe,100,100,1,43,2,42,learned_mlp_head,0.062180662310894565,0.10316883622650463,0.8513452528158411,ok
D1,PTB-XL,M2_stmem_probe,ST-MEM probe,100,100,2,44,6,36,temperature_scaling,0.11366706781049798,0.11013603614232384,0.87927418174477,ok
D1,PTB-XL,M2_stmem_probe,ST-MEM probe,100,100,2,44,6,36,monotone_platt,0.06298828918253725,0.0914333710596176,0.87927418174477,ok
D1,PTB-XL,M2_stmem_probe,ST-MEM probe,100,100,2,44,6,36,isotonic_regression,0.05666783793916839,0.10081089485118644,0.8505496294613941,ok
D1,PTB-XL,M2_stmem_probe,ST-MEM probe,100,100,2,44,6,36,learned_mlp_head,0.08275701880667338,0.10678639847694552,0.8651342603107309,ok
D1,PTB-XL,M2_stmem_probe,ST-MEM probe,100,100,3,45,9,45,temperature_scaling,0.11171589771448795,0.11072465876360309,0.87927418174477,ok
D1,PTB-XL,M2_stmem_probe,ST-MEM probe,100,100,3,45,9,45,monotone_platt,0.05850950153094037,0.09034748527302547,0.87927418174477,ok
D1,PTB-XL,M2_stmem_probe,ST-MEM probe,100,100,3,45,9,45,isotonic_regression,0.0572378530791415,0.09856978170482973,0.8568279329749917,ok
D1,PTB-XL,M2_stmem_probe,ST-MEM probe,100,100,3,45,9,45,learned_mlp_head,0.08094387856912873,0.10226154539239465,0.8709873318696847,ok
D1,PTB-XL,M2_stmem_probe,ST-MEM probe,100,100,4,46,9,42,temperature_scaling,0.12271439580306018,0.11014477409653645,0.87927418174477,ok
D1,PTB-XL,M2_stmem_probe,ST-MEM probe,100,100,4,46,9,42,monotone_platt,0.05711512386920843,0.08964289599389966,0.87927418174477,ok
D1,PTB-XL,M2_stmem_probe,ST-MEM probe,100,100,4,46,9,42,isotonic_regression,0.046584671448524476,0.09084184286609209,0.8699529697764993,ok
D1,PTB-XL,M2_stmem_probe,ST-MEM probe,100,100,4,46,9,42,learned_mlp_head,0.059947887099579635,0.1034083992391267,0.8550807025512908,ok
D1,PTB-XL,M2_stmem_probe,ST-MEM probe,150,150,0,42,8,57,temperature_scaling,0.1054343713746125,0.10946165572682429,0.87927418174477,ok
D1,PTB-XL,M2_stmem_probe,ST-MEM probe,150,150,0,42,8,57,monotone_platt,0.05449863834562729,0.0886917032676573,0.87927418174477,ok
D1,PTB-XL,M2_stmem_probe,ST-MEM probe,150,150,0,42,8,57,isotonic_regression,0.05112208984272772,0.09313353362552482,0.8666949134007957,ok
D1,PTB-XL,M2_stmem_probe,ST-MEM probe,150,150,0,42,8,57,learned_mlp_head,0.060836831193750274,0.09862612789347644,0.8688199712317359,ok
D1,PTB-XL,M2_stmem_probe,ST-MEM probe,150,150,1,43,11,58,temperature_scaling,0.11715548571901513,0.10984518471824163,0.87927418174477,ok
D1,PTB-XL,M2_stmem_probe,ST-MEM probe,150,150,1,43,11,58,monotone_platt,0.05161718512188618,0.08885620176285076,0.87927418174477,ok
D1,PTB-XL,M2_stmem_probe,ST-MEM probe,150,150,1,43,11,58,isotonic_regression,0.044409284454350516,0.09232491776463807,0.8647795568677921,ok
D1,PTB-XL,M2_stmem_probe,ST-MEM probe,150,150,1,43,11,58,learned_mlp_head,0.06271306268890134,0.10166386763088979,0.8557340870282047,ok
D1,PTB-XL,M2_stmem_probe,ST-MEM probe,150,150,2,44,11,67,temperature_scaling,0.12324826416373114,0.11041898921744109,0.87927418174477,ok
D1,PTB-XL,M2_stmem_probe,ST-MEM probe,150,150,2,44,11,67,monotone_platt,0.0621548474074449,0.08963009867662511,0.87927418174477,ok
D1,PTB-XL,M2_stmem_probe,ST-MEM probe,150,150,2,44,11,67,isotonic_regression,0.047450085982337055,0.09468280841898272,0.8695371800371801,ok
D1,PTB-XL,M2_stmem_probe,ST-MEM probe,150,150,2,44,11,67,learned_mlp_head,0.07000003342668723,0.1015150079803689,0.8635230104053635,ok
D1,PTB-XL,M2_stmem_probe,ST-MEM probe,150,150,3,45,11,59,temperature_scaling,0.1013510825898801,0.11001810889947054,0.87927418174477,ok
D1,PTB-XL,M2_stmem_probe,ST-MEM probe,150,150,3,45,11,59,monotone_platt,0.05608356483843844,0.088682650609609,0.87927418174477,ok
D1,PTB-XL,M2_stmem_probe,ST-MEM probe,150,150,3,45,11,59,isotonic_regression,0.05815136913509261,0.09547995236574794,0.863771397447868,ok
D1,PTB-XL,M2_stmem_probe,ST-MEM probe,150,150,3,45,11,59,learned_mlp_head,0.06591325929639329,0.09702887741935631,0.8741598321010086,ok
D1,PTB-XL,M2_stmem_probe,ST-MEM probe,150,150,4,46,10,57,temperature_scaling,0.10695628530813014,0.10976127594770188,0.87927418174477,ok
D1,PTB-XL,M2_stmem_probe,ST-MEM probe,150,150,4,46,10,57,monotone_platt,0.05207490313431812,0.08822485547810227,0.87927418174477,ok
D1,PTB-XL,M2_stmem_probe,ST-MEM probe,150,150,4,46,10,57,isotonic_regression,0.05221873884646779,0.09251880312066099,0.8694748193571723,ok
D1,PTB-XL,M2_stmem_probe,ST-MEM probe,150,150,4,46,10,57,learned_mlp_head,0.06729467631187386,0.10089707035999948,0.8650914780326545,ok
D1,PTB-XL,M2_stmem_probe,ST-MEM probe,full,203,0,42,13,81,temperature_scaling,0.11360833389497246,0.10957570893410093,0.87927418174477,ok
D1,PTB-XL,M2_stmem_probe,ST-MEM probe,full,203,0,42,13,81,monotone_platt,0.04823643022280146,0.08877954260087521,0.87927418174477,ok
D1,PTB-XL,M2_stmem_probe,ST-MEM probe,full,203,0,42,13,81,isotonic_regression,0.05400975335095681,0.09226453180610919,0.8710850304085598,ok
D1,PTB-XL,M2_stmem_probe,ST-MEM probe,full,203,0,42,13,81,learned_mlp_head,0.06464095749576224,0.09883510144649599,0.8675339036515506,ok
D1,PTB-XL,M2_stmem_probe,ST-MEM probe,full,203,1,43,13,81,temperature_scaling,0.11360833389497246,0.10957570893410093,0.87927418174477,ok
D1,PTB-XL,M2_stmem_probe,ST-MEM probe,full,203,1,43,13,81,monotone_platt,0.04823643022280146,0.08877954260087521,0.87927418174477,ok
D1,PTB-XL,M2_stmem_probe,ST-MEM probe,full,203,1,43,13,81,isotonic_regression,0.05400975335095681,0.09226453180610919,0.8710850304085598,ok
D1,PTB-XL,M2_stmem_probe,ST-MEM probe,full,203,1,43,13,81,learned_mlp_head,0.06464095749576224,0.09883510144649599,0.8675339036515506,ok
D1,PTB-XL,M2_stmem_probe,ST-MEM probe,full,203,2,44,13,81,temperature_scaling,0.11360833389497246,0.10957570893410093,0.87927418174477,ok
D1,PTB-XL,M2_stmem_probe,ST-MEM probe,full,203,2,44,13,81,monotone_platt,0.04823643022280146,0.08877954260087521,0.87927418174477,ok
D1,PTB-XL,M2_stmem_probe,ST-MEM probe,full,203,2,44,13,81,isotonic_regression,0.05400975335095681,0.09226453180610919,0.8710850304085598,ok
D1,PTB-XL,M2_stmem_probe,ST-MEM probe,full,203,2,44,13,81,learned_mlp_head,0.06464095749576224,0.09883510144649599,0.8675339036515506,ok
D1,PTB-XL,M2_stmem_probe,ST-MEM probe,full,203,3,45,13,81,temperature_scaling,0.11360833389497246,0.10957570893410093,0.87927418174477,ok
D1,PTB-XL,M2_stmem_probe,ST-MEM probe,full,203,3,45,13,81,monotone_platt,0.04823643022280146,0.08877954260087521,0.87927418174477,ok
D1,PTB-XL,M2_stmem_probe,ST-MEM probe,full,203,3,45,13,81,isotonic_regression,0.05400975335095681,0.09226453180610919,0.8710850304085598,ok
D1,PTB-XL,M2_stmem_probe,ST-MEM probe,full,203,3,45,13,81,learned_mlp_head,0.06464095749576224,0.09883510144649599,0.8675339036515506,ok
D1,PTB-XL,M2_stmem_probe,ST-MEM probe,full,203,4,46,13,81,temperature_scaling,0.11360833389497246,0.10957570893410093,0.87927418174477,ok
D1,PTB-XL,M2_stmem_probe,ST-MEM probe,full,203,4,46,13,81,monotone_platt,0.04823643022280146,0.08877954260087521,0.87927418174477,ok
D1,PTB-XL,M2_stmem_probe,ST-MEM probe,full,203,4,46,13,81,isotonic_regression,0.05400975335095681,0.09226453180610919,0.8710850304085598,ok
D1,PTB-XL,M2_stmem_probe,ST-MEM probe,full,203,4,46,13,81,learned_mlp_head,0.06464095749576224,0.09883510144649599,0.8675339036515506,ok
D3,CODE-15%,M6_s4d_configured,Configured S4D,10,10,0,42,0,8,temperature_scaling,0.04041244726741577,0.07949391907834825,0.5483330655043196,ok
D3,CODE-15%,M6_s4d_configured,Configured S4D,10,10,0,42,0,8,monotone_platt,0.04041244726741577,0.07949391907834825,0.5483330655043196,ok
D3,CODE-15%,M6_s4d_configured,Configured S4D,10,10,0,42,0,8,isotonic_regression,0.03142041867128048,0.07941057541856074,0.5175586155673225,ok
D3,CODE-15%,M6_s4d_configured,Configured S4D,10,10,0,42,0,8,learned_mlp_head,0.08047388335107825,0.08335921269696184,0.5077991343068256,ok
D3,CODE-15%,M6_s4d_configured,Configured S4D,10,10,1,43,0,7,temperature_scaling,0.07009427449144094,0.08616941294503548,0.5483330655043196,ok
D3,CODE-15%,M6_s4d_configured,Configured S4D,10,10,1,43,0,7,monotone_platt,0.07009427449144094,0.08616941294503548,0.5483330655043196,ok
D3,CODE-15%,M6_s4d_configured,Configured S4D,10,10,1,43,0,7,isotonic_regression,0.08684168875022023,0.09527824733222101,0.5511758438185631,ok
D3,CODE-15%,M6_s4d_configured,Configured S4D,10,10,1,43,0,7,learned_mlp_head,0.1350747298883895,0.09789286616579675,0.5090208541129986,ok
D3,CODE-15%,M6_s4d_configured,Configured S4D,10,10,2,44,0,8,temperature_scaling,0.06229151261238946,0.08357998470644175,0.5483330655043196,ok
D3,CODE-15%,M6_s4d_configured,Configured S4D,10,10,2,44,0,8,monotone_platt,0.06229151261238946,0.08357998470644175,0.5483330655043196,ok
D3,CODE-15%,M6_s4d_configured,Configured S4D,10,10,2,44,0,8,isotonic_regression,0.06332055856099013,0.0848384942945597,0.5507209109667023,ok
D3,CODE-15%,M6_s4d_configured,Configured S4D,10,10,2,44,0,8,learned_mlp_head,0.0853066521914055,0.0858695665208817,0.5016130972806971,ok
D3,CODE-15%,M6_s4d_configured,Configured S4D,10,10,3,45,0,8,temperature_scaling,0.040930778451117374,0.07985636031731833,0.5483330655043196,ok
D3,CODE-15%,M6_s4d_configured,Configured S4D,10,10,3,45,0,8,monotone_platt,0.040930778451117374,0.07985636031731833,0.5483330655043196,ok
D3,CODE-15%,M6_s4d_configured,Configured S4D,10,10,3,45,0,8,isotonic_regression,0.06013597727086257,0.09008040339250895,0.5532521311241704,ok
D3,CODE-15%,M6_s4d_configured,Configured S4D,10,10,3,45,0,8,learned_mlp_head,0.0661844592448324,0.08191357531793887,0.5074826782158406,ok
D3,CODE-15%,M6_s4d_configured,Configured S4D,10,10,4,46,0,8,temperature_scaling,0.039741080517324695,0.07915222419681148,0.5483330655043196,ok
D3,CODE-15%,M6_s4d_configured,Configured S4D,10,10,4,46,0,8,monotone_platt,0.03997586296545422,0.07929295692511902,0.5483330655043196,ok
D3,CODE-15%,M6_s4d_configured,Configured S4D,10,10,4,46,0,8,isotonic_regression,0.04715752544251545,0.08470752389780145,0.543234191690362,ok
D3,CODE-15%,M6_s4d_configured,Configured S4D,10,10,4,46,0,8,learned_mlp_head,0.047393326377496124,0.08050048231239465,0.5032928908970623,ok
D3,CODE-15%,M6_s4d_configured,Configured S4D,20,20,0,42,1,18,temperature_scaling,0.0301503581507629,0.07790651109627092,0.5483330655043196,ok
D3,CODE-15%,M6_s4d_configured,Configured S4D,20,20,0,42,1,18,monotone_platt,0.02745216481876266,0.07769464911363552,0.5483330655043196,ok
D3,CODE-15%,M6_s4d_configured,Configured S4D,20,20,0,42,1,18,isotonic_regression,0.04549502357198933,0.07949982255064629,0.5557299034411948,ok
D3,CODE-15%,M6_s4d_configured,Configured S4D,20,20,0,42,1,18,learned_mlp_head,0.0915206290781498,0.08795135043332664,0.5122485633107513,ok
D3,CODE-15%,M6_s4d_configured,Configured S4D,20,20,1,43,1,16,temperature_scaling,0.04760666762570547,0.08039834993126176,0.5483330655043196,ok
D3,CODE-15%,M6_s4d_configured,Configured S4D,20,20,1,43,1,16,monotone_platt,0.047525304397162675,0.0803203546940615,0.5483330655043196,ok
D3,CODE-15%,M6_s4d_configured,Configured S4D,20,20,1,43,1,16,isotonic_regression,0.07282432446166308,0.08508879162761322,0.5589533738597318,ok
D3,CODE-15%,M6_s4d_configured,Configured S4D,20,20,1,43,1,16,learned_mlp_head,0.07063126548503834,0.08289617083449961,0.5037872778832566,ok
D3,CODE-15%,M6_s4d_configured,Configured S4D,20,20,2,44,1,16,temperature_scaling,0.053165598715647376,0.08069703277135738,0.5483330655043196,ok
D3,CODE-15%,M6_s4d_configured,Configured S4D,20,20,2,44,1,16,monotone_platt,0.07317563505266002,0.09210253680609592,0.5483330655043196,ok
D3,CODE-15%,M6_s4d_configured,Configured S4D,20,20,2,44,1,16,isotonic_regression,0.09114970913042159,0.09868297327077018,0.5397543095765931,ok
D3,CODE-15%,M6_s4d_configured,Configured S4D,20,20,2,44,1,16,learned_mlp_head,0.06721186123167476,0.08402075656353251,0.5082496337139254,ok
D3,CODE-15%,M6_s4d_configured,Configured S4D,20,20,3,45,0,18,temperature_scaling,0.029508159646541094,0.07779068539869573,0.5483330655043196,ok
D3,CODE-15%,M6_s4d_configured,Configured S4D,20,20,3,45,0,18,monotone_platt,0.029508159646541094,0.07779068539869573,0.5483330655043196,ok
D3,CODE-15%,M6_s4d_configured,Configured S4D,20,20,3,45,0,18,isotonic_regression,0.047822044634982096,0.08000342631452695,0.5521528225930861,ok
D3,CODE-15%,M6_s4d_configured,Configured S4D,20,20,3,45,0,18,learned_mlp_head,0.08553276515876253,0.08689879385628714,0.5155418571073013,ok
D3,CODE-15%,M6_s4d_configured,Configured S4D,20,20,4,46,0,16,temperature_scaling,0.044626176213841066,0.07982317132788268,0.5483330655043196,ok
D3,CODE-15%,M6_s4d_configured,Configured S4D,20,20,4,46,0,16,monotone_platt,0.06198686274500595,0.08610455796517817,0.5483330655043196,ok
D3,CODE-15%,M6_s4d_configured,Configured S4D,20,20,4,46,0,16,isotonic_regression,0.058367272489814846,0.08388231616882115,0.5392483051165896,ok
D3,CODE-15%,M6_s4d_configured,Configured S4D,20,20,4,46,0,16,learned_mlp_head,0.07209519118381041,0.08230896188313004,0.5066424306109131,ok
D3,CODE-15%,M6_s4d_configured,Configured S4D,50,50,0,42,2,43,temperature_scaling,0.030846199334168906,0.07785445304485568,0.5483330655043196,ok
D3,CODE-15%,M6_s4d_configured,Configured S4D,50,50,0,42,2,43,monotone_platt,0.03341819129934493,0.07939370283245832,0.5483330655043196,ok
D3,CODE-15%,M6_s4d_configured,Configured S4D,50,50,0,42,2,43,isotonic_regression,0.05070399523529542,0.08079460708983643,0.5381787934082499,ok
D3,CODE-15%,M6_s4d_configured,Configured S4D,50,50,0,42,2,43,learned_mlp_head,0.017729938713212812,0.07695145977708286,0.5165410500216552,ok
D3,CODE-15%,M6_s4d_configured,Configured S4D,50,50,1,43,3,41,temperature_scaling,0.050549229051374066,0.08035592091487309,0.5483330655043196,ok
D3,CODE-15%,M6_s4d_configured,Configured S4D,50,50,1,43,3,41,monotone_platt,0.052525085319136,0.08159092397260503,0.5483330655043196,ok
D3,CODE-15%,M6_s4d_configured,Configured S4D,50,50,1,43,3,41,isotonic_regression,0.0757632629409364,0.08549832382044685,0.5453048962727621,ok
D3,CODE-15%,M6_s4d_configured,Configured S4D,50,50,1,43,3,41,learned_mlp_head,0.08017732864866653,0.0845402467456889,0.5181617292214774,ok
D3,CODE-15%,M6_s4d_configured,Configured S4D,50,50,2,44,1,43,temperature_scaling,0.03989428648509249,0.07853861942715258,0.5483330655043196,ok
D3,CODE-15%,M6_s4d_configured,Configured S4D,50,50,2,44,1,43,monotone_platt,0.04250585868951706,0.07881242139631743,0.5483330655043196,ok
D3,CODE-15%,M6_s4d_configured,Configured S4D,50,50,2,44,1,43,isotonic_regression,0.05378640498078241,0.08387503087403435,0.5426025454547417,ok
D3,CODE-15%,M6_s4d_configured,Configured S4D,50,50,2,44,1,43,learned_mlp_head,0.0454823600438734,0.07827552358295443,0.5255503905572955,ok
D3,CODE-15%,M6_s4d_configured,Configured S4D,50,50,3,45,2,44,temperature_scaling,0.03461899405841677,0.07816868944552569,0.5483330655043196,ok
D3,CODE-15%,M6_s4d_configured,Configured S4D,50,50,3,45,2,44,monotone_platt,0.03535527456954864,0.07922108902128183,0.5483330655043196,ok
D3,CODE-15%,M6_s4d_configured,Configured S4D,50,50,3,45,2,44,isotonic_regression,0.03654708211335848,0.08160618587436948,0.5553231334717221,ok
D3,CODE-15%,M6_s4d_configured,Configured S4D,50,50,3,45,2,44,learned_mlp_head,0.020159668838605285,0.07699198679140129,0.5243439524662349,ok
D3,CODE-15%,M6_s4d_configured,Configured S4D,50,50,4,46,0,43,temperature_scaling,0.04126195882496589,0.07924915010984156,0.5483330655043196,ok
D3,CODE-15%,M6_s4d_configured,Configured S4D,50,50,4,46,0,43,monotone_platt,0.04023348882047937,0.07857427841830761,0.5483330655043196,ok
D3,CODE-15%,M6_s4d_configured,Configured S4D,50,50,4,46,0,43,isotonic_regression,0.056166311570702045,0.080434659163755,0.5523767142481587,ok
D3,CODE-15%,M6_s4d_configured,Configured S4D,50,50,4,46,0,43,learned_mlp_head,0.04316922529911002,0.07857451213101709,0.5171749456710598,ok
D3,CODE-15%,M6_s4d_configured,Configured S4D,75,75,0,42,3,64,temperature_scaling,0.03978464811589231,0.07852391864833302,0.5483330655043196,ok
D3,CODE-15%,M6_s4d_configured,Configured S4D,75,75,0,42,3,64,monotone_platt,0.04408475634486192,0.08092857237819188,0.5483330655043196,ok
D3,CODE-15%,M6_s4d_configured,Configured S4D,75,75,0,42,3,64,isotonic_regression,0.06337619370768784,0.08535388015904721,0.5483405646775897,ok
D3,CODE-15%,M6_s4d_configured,Configured S4D,75,75,0,42,3,64,learned_mlp_head,0.031327921434616046,0.07756093254744195,0.5140523053550042,ok
D3,CODE-15%,M6_s4d_configured,Configured S4D,75,75,1,43,3,63,temperature_scaling,0.04069812892942978,0.07896192881775659,0.5483330655043196,ok
D3,CODE-15%,M6_s4d_configured,Configured S4D,75,75,1,43,3,63,monotone_platt,0.04248721935208529,0.08002671286732423,0.5483330655043196,ok
D3,CODE-15%,M6_s4d_configured,Configured S4D,75,75,1,43,3,63,isotonic_regression,0.05433815861493643,0.08739528053036986,0.5544372001025862,ok
D3,CODE-15%,M6_s4d_configured,Configured S4D,75,75,1,43,3,63,learned_mlp_head,0.033461523906638216,0.077843646616521,0.5311175874759365,ok
D3,CODE-15%,M6_s4d_configured,Configured S4D,75,75,2,44,3,64,temperature_scaling,0.04787034314778532,0.0793803607323481,0.5483330655043196,ok
D3,CODE-15%,M6_s4d_configured,Configured S4D,75,75,2,44,3,64,monotone_platt,0.04874682682371887,0.07978827093713092,0.5483330655043196,ok
D3,CODE-15%,M6_s4d_configured,Configured S4D,75,75,2,44,3,64,isotonic_regression,0.05848118852192994,0.08191472117628379,0.5734306363555811,ok
D3,CODE-15%,M6_s4d_configured,Configured S4D,75,75,2,44,3,64,learned_mlp_head,0.04618311720589796,0.0793746743987634,0.5129356286696306,ok
D3,CODE-15%,M6_s4d_configured,Configured S4D,75,75,3,45,1,64,temperature_scaling,0.03271005831823743,0.07829610641259353,0.5483330655043196,ok
D3,CODE-15%,M6_s4d_configured,Configured S4D,75,75,3,45,1,64,monotone_platt,0.031242919947593508,0.07742755038888995,0.5483330655043196,ok
D3,CODE-15%,M6_s4d_configured,Configured S4D,75,75,3,45,1,64,isotonic_regression,0.040154193458576966,0.07876360240228165,0.5573130585081708,ok
D3,CODE-15%,M6_s4d_configured,Configured S4D,75,75,3,45,1,64,learned_mlp_head,0.026851307402054474,0.07757138251131354,0.5176406663677857,ok
D3,CODE-15%,M6_s4d_configured,Configured S4D,75,75,4,46,5,67,temperature_scaling,0.02366706135044801,0.07763449530528828,0.5483330655043196,ok
D3,CODE-15%,M6_s4d_configured,Configured S4D,75,75,4,46,5,67,monotone_platt,0.017215141035719816,0.07678420232452016,0.5483330655043196,ok
D3,CODE-15%,M6_s4d_configured,Configured S4D,75,75,4,46,5,67,isotonic_regression,0.05236984910654389,0.07892951200225885,0.564716216600136,ok
D3,CODE-15%,M6_s4d_configured,Configured S4D,75,75,4,46,5,67,learned_mlp_head,0.036796737629920244,0.07810034433223229,0.5150159935845459,ok
D3,CODE-15%,M6_s4d_configured,Configured S4D,100,100,0,42,7,89,temperature_scaling,0.030864137872255032,0.07781763385042752,0.5483330655043196,ok
D3,CODE-15%,M6_s4d_configured,Configured S4D,100,100,0,42,7,89,monotone_platt,0.02501191956822631,0.07728598148439396,0.5483330655043196,ok
D3,CODE-15%,M6_s4d_configured,Configured S4D,100,100,0,42,7,89,isotonic_regression,0.04597408280299372,0.07965634810185786,0.5611995414491847,ok
D3,CODE-15%,M6_s4d_configured,Configured S4D,100,100,0,42,7,89,learned_mlp_head,0.023034719455366337,0.07704742573649297,0.5097321989645752,ok
D3,CODE-15%,M6_s4d_configured,Configured S4D,100,100,1,43,6,88,temperature_scaling,0.03194802588698397,0.07820898147917243,0.5483330655043196,ok
D3,CODE-15%,M6_s4d_configured,Configured S4D,100,100,1,43,6,88,monotone_platt,0.028373996115989442,0.07765712666349082,0.5483330655043196,ok
D3,CODE-15%,M6_s4d_configured,Configured S4D,100,100,1,43,6,88,isotonic_regression,0.048868699098837835,0.08329830624156574,0.5633370352282648,ok
D3,CODE-15%,M6_s4d_configured,Configured S4D,100,100,1,43,6,88,learned_mlp_head,0.04983871180564165,0.07999527134296326,0.5153758708456054,ok
D3,CODE-15%,M6_s4d_configured,Configured S4D,100,100,2,44,6,87,temperature_scaling,0.03543166396193598,0.07813162236536066,0.5483330655043196,ok
D3,CODE-15%,M6_s4d_configured,Configured S4D,100,100,2,44,6,87,monotone_platt,0.03873325088692859,0.07904159113978998,0.5483330655043196,ok
D3,CODE-15%,M6_s4d_configured,Configured S4D,100,100,2,44,6,87,isotonic_regression,0.04662654249711884,0.07880917090872257,0.5555648000233478,ok
D3,CODE-15%,M6_s4d_configured,Configured S4D,100,100,2,44,6,87,learned_mlp_head,0.05216203542426229,0.07940412478015549,0.5096856194841152,ok
D3,CODE-15%,M6_s4d_configured,Configured S4D,100,100,3,45,8,89,temperature_scaling,0.026017755935702287,0.07798740089645566,0.5483330655043196,ok
D3,CODE-15%,M6_s4d_configured,Configured S4D,100,100,3,45,8,89,monotone_platt,0.029683911608848566,0.07921868888182085,0.5483330655043196,ok
D3,CODE-15%,M6_s4d_configured,Configured S4D,100,100,3,45,8,89,isotonic_regression,0.04669284611233052,0.08232543020789533,0.5637997319736089,ok
D3,CODE-15%,M6_s4d_configured,Configured S4D,100,100,3,45,8,89,learned_mlp_head,0.02638113042029241,0.07713358341807662,0.5274352414092262,ok
D3,CODE-15%,M6_s4d_configured,Configured S4D,100,100,4,46,6,86,temperature_scaling,0.032195037868850314,0.07802357783758979,0.5483330655043196,ok
D3,CODE-15%,M6_s4d_configured,Configured S4D,100,100,4,46,6,86,monotone_platt,0.02951415859956708,0.0775617519017675,0.5483330655043196,ok
D3,CODE-15%,M6_s4d_configured,Configured S4D,100,100,4,46,6,86,isotonic_regression,0.04955097029903164,0.08111118032650985,0.5495605276105824,ok
D3,CODE-15%,M6_s4d_configured,Configured S4D,100,100,4,46,6,86,learned_mlp_head,0.02484919601430496,0.07709186380534054,0.5205981631098945,ok
D3,CODE-15%,M6_s4d_configured,Configured S4D,150,150,0,42,10,130,temperature_scaling,0.030436936691511016,0.07792199382758681,0.5483330655043196,ok
D3,CODE-15%,M6_s4d_configured,Configured S4D,150,150,0,42,10,130,monotone_platt,0.031256753796236846,0.077893510391341,0.5483330655043196,ok
D3,CODE-15%,M6_s4d_configured,Configured S4D,150,150,0,42,10,130,isotonic_regression,0.036637823566083895,0.07886703846094877,0.5646966809873061,ok
D3,CODE-15%,M6_s4d_configured,Configured S4D,150,150,0,42,10,130,learned_mlp_head,0.016411483787621067,0.07682990975721883,0.5231410139968505,ok
D3,CODE-15%,M6_s4d_configured,Configured S4D,150,150,1,43,11,130,temperature_scaling,0.036746865055053375,0.07849829299680293,0.5483330655043196,ok
D3,CODE-15%,M6_s4d_configured,Configured S4D,150,150,1,43,11,130,monotone_platt,0.03623849499930495,0.07769227743946916,0.5483330655043196,ok
D3,CODE-15%,M6_s4d_configured,Configured S4D,150,150,1,43,11,130,isotonic_regression,0.053442411949515184,0.08070075303981594,0.5421040491512752,ok
D3,CODE-15%,M6_s4d_configured,Configured S4D,150,150,1,43,11,130,learned_mlp_head,0.027928354231019817,0.07747680805772024,0.5187953690970476,ok
D3,CODE-15%,M6_s4d_configured,Configured S4D,150,150,2,44,11,133,temperature_scaling,0.026594913276156474,0.07779798169627021,0.5483330655043196,ok
D3,CODE-15%,M6_s4d_configured,Configured S4D,150,150,2,44,11,133,monotone_platt,0.02292569356325568,0.0766697437953068,0.5483330655043196,ok
D3,CODE-15%,M6_s4d_configured,Configured S4D,150,150,2,44,11,133,isotonic_regression,0.038672275542229594,0.07881775463093472,0.559594356143548,ok
D3,CODE-15%,M6_s4d_configured,Configured S4D,150,150,2,44,11,133,learned_mlp_head,0.023351100397606694,0.07706331306668461,0.5265427313555463,ok
D3,CODE-15%,M6_s4d_configured,Configured S4D,150,150,3,45,12,132,temperature_scaling,0.025920759785725573,0.07785140969292233,0.5483330655043196,ok
D3,CODE-15%,M6_s4d_configured,Configured S4D,150,150,3,45,12,132,monotone_platt,0.019362423349997236,0.07670940584365259,0.5483330655043196,ok
D3,CODE-15%,M6_s4d_configured,Configured S4D,150,150,3,45,12,132,isotonic_regression,0.04124019813889123,0.07819044243385082,0.5650530760891547,ok
D3,CODE-15%,M6_s4d_configured,Configured S4D,150,150,3,45,12,132,learned_mlp_head,0.022988882716745138,0.07721497780428684,0.5221309732422859,ok
D3,CODE-15%,M6_s4d_configured,Configured S4D,150,150,4,46,12,133,temperature_scaling,0.026489142225077505,0.07785643387359906,0.5483330655043196,ok
D3,CODE-15%,M6_s4d_configured,Configured S4D,150,150,4,46,12,133,monotone_platt,0.02833357708142975,0.0781942171141458,0.5483330655043196,ok
D3,CODE-15%,M6_s4d_configured,Configured S4D,150,150,4,46,12,133,isotonic_regression,0.04194164548680516,0.08110147750840783,0.5528710415602311,ok
D3,CODE-15%,M6_s4d_configured,Configured S4D,150,150,4,46,12,133,learned_mlp_head,0.031654632817953825,0.07784276523766971,0.5199085387003025,ok
D3,CODE-15%,M6_s4d_configured,Configured S4D,full,201,0,42,15,177,temperature_scaling,0.03168083121614939,0.0779024168753796,0.5483330655043196,ok
D3,CODE-15%,M6_s4d_configured,Configured S4D,full,201,0,42,15,177,monotone_platt,0.020158125269265578,0.07679760020776445,0.5483330655043196,ok
D3,CODE-15%,M6_s4d_configured,Configured S4D,full,201,0,42,15,177,isotonic_regression,0.039240339694386575,0.07789229840267757,0.5678103673830538,ok
D3,CODE-15%,M6_s4d_configured,Configured S4D,full,201,0,42,15,177,learned_mlp_head,0.0185695406422019,0.07695110664926498,0.5147475523618176,ok
D3,CODE-15%,M6_s4d_configured,Configured S4D,full,201,1,43,15,177,temperature_scaling,0.03168083121614939,0.0779024168753796,0.5483330655043196,ok
D3,CODE-15%,M6_s4d_configured,Configured S4D,full,201,1,43,15,177,monotone_platt,0.020158125269265578,0.07679760020776445,0.5483330655043196,ok
D3,CODE-15%,M6_s4d_configured,Configured S4D,full,201,1,43,15,177,isotonic_regression,0.039240339694386575,0.07789229840267757,0.5678103673830538,ok
D3,CODE-15%,M6_s4d_configured,Configured S4D,full,201,1,43,15,177,learned_mlp_head,0.0185695406422019,0.07695110664926498,0.5147475523618176,ok
D3,CODE-15%,M6_s4d_configured,Configured S4D,full,201,2,44,15,177,temperature_scaling,0.03168083121614939,0.0779024168753796,0.5483330655043196,ok
D3,CODE-15%,M6_s4d_configured,Configured S4D,full,201,2,44,15,177,monotone_platt,0.020158125269265578,0.07679760020776445,0.5483330655043196,ok
D3,CODE-15%,M6_s4d_configured,Configured S4D,full,201,2,44,15,177,isotonic_regression,0.039240339694386575,0.07789229840267757,0.5678103673830538,ok
D3,CODE-15%,M6_s4d_configured,Configured S4D,full,201,2,44,15,177,learned_mlp_head,0.0185695406422019,0.07695110664926498,0.5147475523618176,ok
D3,CODE-15%,M6_s4d_configured,Configured S4D,full,201,3,45,15,177,temperature_scaling,0.03168083121614939,0.0779024168753796,0.5483330655043196,ok
D3,CODE-15%,M6_s4d_configured,Configured S4D,full,201,3,45,15,177,monotone_platt,0.020158125269265578,0.07679760020776445,0.5483330655043196,ok
D3,CODE-15%,M6_s4d_configured,Configured S4D,full,201,3,45,15,177,isotonic_regression,0.039240339694386575,0.07789229840267757,0.5678103673830538,ok
D3,CODE-15%,M6_s4d_configured,Configured S4D,full,201,3,45,15,177,learned_mlp_head,0.0185695406422019,0.07695110664926498,0.5147475523618176,ok
D3,CODE-15%,M6_s4d_configured,Configured S4D,full,201,4,46,15,177,temperature_scaling,0.03168083121614939,0.0779024168753796,0.5483330655043196,ok
D3,CODE-15%,M6_s4d_configured,Configured S4D,full,201,4,46,15,177,monotone_platt,0.020158125269265578,0.07679760020776445,0.5483330655043196,ok
D3,CODE-15%,M6_s4d_configured,Configured S4D,full,201,4,46,15,177,isotonic_regression,0.039240339694386575,0.07789229840267757,0.5678103673830538,ok
D3,CODE-15%,M6_s4d_configured,Configured S4D,full,201,4,46,15,177,learned_mlp_head,0.0185695406422019,0.07695110664926498,0.5147475523618176,ok
D3,CODE-15%,M2_stmem_probe,ST-MEM probe,10,10,0,42,0,8,temperature_scaling,0.05377090090656006,0.02909864554680375,0.9869273814139704,ok
D3,CODE-15%,M2_stmem_probe,ST-MEM probe,10,10,0,42,0,8,monotone_platt,0.05886300617657511,0.032413432471155454,0.9869273814139704,ok
D3,CODE-15%,M2_stmem_probe,ST-MEM probe,10,10,0,42,0,8,isotonic_regression,0.053886835543277105,0.03053388312251885,0.9869273814139704,ok
D3,CODE-15%,M2_stmem_probe,ST-MEM probe,10,10,0,42,0,8,learned_mlp_head,0.06969649639190417,0.06527860281946442,0.7982213655217062,ok
D3,CODE-15%,M2_stmem_probe,ST-MEM probe,10,10,1,43,0,7,temperature_scaling,0.03541183905969294,0.027135285622616672,0.9857967615682668,ok
D3,CODE-15%,M2_stmem_probe,ST-MEM probe,10,10,1,43,0,7,monotone_platt,0.03873715052365552,0.02977881902906779,0.9869273814139704,ok
D3,CODE-15%,M2_stmem_probe,ST-MEM probe,10,10,1,43,0,7,isotonic_regression,0.037626593089541784,0.02736702539230486,0.9822249649099389,ok
D3,CODE-15%,M2_stmem_probe,ST-MEM probe,10,10,1,43,0,7,learned_mlp_head,0.07042346051253844,0.07395250477018199,0.7729560862066344,ok
D3,CODE-15%,M2_stmem_probe,ST-MEM probe,10,10,2,44,0,8,temperature_scaling,0.04111689853333093,0.02680188401743086,0.9869273814139704,ok
D3,CODE-15%,M2_stmem_probe,ST-MEM probe,10,10,2,44,0,8,monotone_platt,0.04754256470643772,0.037275379769165506,0.9869273814139704,ok
D3,CODE-15%,M2_stmem_probe,ST-MEM probe,10,10,2,44,0,8,isotonic_regression,0.04541321784154804,0.03360695895362769,0.9642620928041242,ok
D3,CODE-15%,M2_stmem_probe,ST-MEM probe,10,10,2,44,0,8,learned_mlp_head,0.09499896760595827,0.08327834961589302,0.6205541853854321,ok
D3,CODE-15%,M2_stmem_probe,ST-MEM probe,10,10,3,45,0,8,temperature_scaling,0.03788574237159622,0.026816878543203037,0.9869273814139704,ok
D3,CODE-15%,M2_stmem_probe,ST-MEM probe,10,10,3,45,0,8,monotone_platt,0.03722115846919407,0.0258581435477384,0.9869273814139704,ok
D3,CODE-15%,M2_stmem_probe,ST-MEM probe,10,10,3,45,0,8,isotonic_regression,0.03810942155456163,0.025896080228276424,0.9869273814139704,ok
D3,CODE-15%,M2_stmem_probe,ST-MEM probe,10,10,3,45,0,8,learned_mlp_head,0.07100713930620789,0.06642839945009157,0.7910778571717265,ok
D3,CODE-15%,M2_stmem_probe,ST-MEM probe,10,10,4,46,0,8,temperature_scaling,0.03748115750487339,0.026570622730169764,0.9869273814139704,ok
D3,CODE-15%,M2_stmem_probe,ST-MEM probe,10,10,4,46,0,8,monotone_platt,0.03668338605606438,0.026276156670337655,0.9869273814139704,ok
D3,CODE-15%,M2_stmem_probe,ST-MEM probe,10,10,4,46,0,8,isotonic_regression,0.03734268571463104,0.02604082594040867,0.9869273814139704,ok
D3,CODE-15%,M2_stmem_probe,ST-MEM probe,10,10,4,46,0,8,learned_mlp_head,0.05287361995986583,0.03849465462009343,0.9270296525217763,ok
D3,CODE-15%,M2_stmem_probe,ST-MEM probe,20,20,0,42,1,18,temperature_scaling,0.041616894772257704,0.026499978914842733,0.9869273814139704,ok
D3,CODE-15%,M2_stmem_probe,ST-MEM probe,20,20,0,42,1,18,monotone_platt,0.035360986269377594,0.023980910024469865,0.9869273814139704,ok
D3,CODE-15%,M2_stmem_probe,ST-MEM probe,20,20,0,42,1,18,isotonic_regression,0.03474209554377771,0.02604104395648919,0.9520548465414356,ok
D3,CODE-15%,M2_stmem_probe,ST-MEM probe,20,20,0,42,1,18,learned_mlp_head,0.09304863885112959,0.08315156037707536,0.6488575177000101,ok
D3,CODE-15%,M2_stmem_probe,ST-MEM probe,20,20,1,43,1,16,temperature_scaling,0.049168113068742886,0.029839827372628705,0.9863568108433999,ok
D3,CODE-15%,M2_stmem_probe,ST-MEM probe,20,20,1,43,1,16,monotone_platt,0.04684400214423703,0.03461509853170924,0.9857248802114692,ok
D3,CODE-15%,M2_stmem_probe,ST-MEM probe,20,20,1,43,1,16,isotonic_regression,0.03866271879724915,0.031037237882974387,0.9702589294875038,ok
D3,CODE-15%,M2_stmem_probe,ST-MEM probe,20,20,1,43,1,16,learned_mlp_head,0.059463484319621784,0.05421574823672287,0.8929534232268385,ok
D3,CODE-15%,M2_stmem_probe,ST-MEM probe,20,20,2,44,1,16,temperature_scaling,0.050956419363146876,0.02840452069437374,0.9863568108433999,ok
D3,CODE-15%,M2_stmem_probe,ST-MEM probe,20,20,2,44,1,16,monotone_platt,0.03776285707277948,0.025240183630470498,0.9869273814139704,ok
D3,CODE-15%,M2_stmem_probe,ST-MEM probe,20,20,2,44,1,16,isotonic_regression,0.03230030451222429,0.024161175866544718,0.9780290373561807,ok
D3,CODE-15%,M2_stmem_probe,ST-MEM probe,20,20,2,44,1,16,learned_mlp_head,0.12723390572335727,0.09480053284934394,0.6566267845044372,ok
D3,CODE-15%,M2_stmem_probe,ST-MEM probe,20,20,3,45,0,18,temperature_scaling,0.03685468460727382,0.028897426097637763,0.9853533502732049,ok
D3,CODE-15%,M2_stmem_probe,ST-MEM probe,20,20,3,45,0,18,monotone_platt,0.03501341753834675,0.02647202211108968,0.9869273814139704,ok
D3,CODE-15%,M2_stmem_probe,ST-MEM probe,20,20,3,45,0,18,isotonic_regression,0.03702545050463361,0.026027846452032433,0.9816542950097413,ok
D3,CODE-15%,M2_stmem_probe,ST-MEM probe,20,20,3,45,0,18,learned_mlp_head,0.05470974545846428,0.07060723434111087,0.8137727933605999,ok
D3,CODE-15%,M2_stmem_probe,ST-MEM probe,20,20,4,46,0,16,temperature_scaling,0.04822863522054124,0.027444170263020675,0.9869273814139704,ok
D3,CODE-15%,M2_stmem_probe,ST-MEM probe,20,20,4,46,0,16,monotone_platt,0.04118368391382563,0.025100887184173082,0.9869273814139704,ok
D3,CODE-15%,M2_stmem_probe,ST-MEM probe,20,20,4,46,0,16,isotonic_regression,0.029125405934365137,0.025684516592920533,0.9792492416480143,ok
D3,CODE-15%,M2_stmem_probe,ST-MEM probe,20,20,4,46,0,16,learned_mlp_head,0.06155287110221555,0.06752040705906881,0.7195176462325619,ok
D3,CODE-15%,M2_stmem_probe,ST-MEM probe,50,50,0,42,2,43,temperature_scaling,0.03909167635283087,0.02746091131927499,0.9857967615682668,ok
D3,CODE-15%,M2_stmem_probe,ST-MEM probe,50,50,0,42,2,43,monotone_platt,0.029802628665588044,0.026815729629231354,0.9866393629807907,ok
D3,CODE-15%,M2_stmem_probe,ST-MEM probe,50,50,0,42,2,43,isotonic_regression,0.02599296157713052,0.022580347387764266,0.9378398155359046,ok
D3,CODE-15%,M2_stmem_probe,ST-MEM probe,50,50,0,42,2,43,learned_mlp_head,0.049582090517042154,0.0374909368176155,0.9479221090690332,ok
D3,CODE-15%,M2_stmem_probe,ST-MEM probe,50,50,1,43,3,41,temperature_scaling,0.0452991644468885,0.027930632775749798,0.9857967615682668,ok
D3,CODE-15%,M2_stmem_probe,ST-MEM probe,50,50,1,43,3,41,monotone_platt,0.03432310068006257,0.023326683126848494,0.9869273814139704,ok
D3,CODE-15%,M2_stmem_probe,ST-MEM probe,50,50,1,43,3,41,isotonic_regression,0.030623650545579754,0.02398573863601282,0.9720677182532174,ok
D3,CODE-15%,M2_stmem_probe,ST-MEM probe,50,50,1,43,3,41,learned_mlp_head,0.17013734918902626,0.11918866279938202,0.6384685320024274,ok
D3,CODE-15%,M2_stmem_probe,ST-MEM probe,50,50,2,44,1,43,temperature_scaling,0.047949152426950616,0.026890029830992063,0.9869273814139704,ok
D3,CODE-15%,M2_stmem_probe,ST-MEM probe,50,50,2,44,1,43,monotone_platt,0.046520458626897555,0.035239022526687286,0.9845774656562335,ok
D3,CODE-15%,M2_stmem_probe,ST-MEM probe,50,50,2,44,1,43,isotonic_regression,0.04344278904332278,0.03474140529522626,0.970806225839886,ok
D3,CODE-15%,M2_stmem_probe,ST-MEM probe,50,50,2,44,1,43,learned_mlp_head,0.05586614382989865,0.040215783570159314,0.9610266896856117,ok
D3,CODE-15%,M2_stmem_probe,ST-MEM probe,50,50,3,45,2,44,temperature_scaling,0.04624465429927283,0.028032772212223445,0.985473470393325,ok
D3,CODE-15%,M2_stmem_probe,ST-MEM probe,50,50,3,45,2,44,monotone_platt,0.03465334622501046,0.027374807728226213,0.9869913855102327,ok
D3,CODE-15%,M2_stmem_probe,ST-MEM probe,50,50,3,45,2,44,isotonic_regression,0.0339864544686953,0.02966492762563248,0.9348618184517822,ok
D3,CODE-15%,M2_stmem_probe,ST-MEM probe,50,50,3,45,2,44,learned_mlp_head,0.0464061323420151,0.04120191180372113,0.9191872806035515,ok
D3,CODE-15%,M2_stmem_probe,ST-MEM probe,50,50,4,46,0,43,temperature_scaling,0.04683810614084156,0.0287489725785426,0.9869273814139704,ok
D3,CODE-15%,M2_stmem_probe,ST-MEM probe,50,50,4,46,0,43,monotone_platt,0.034868190879450915,0.026358307282386542,0.9871833977990191,ok
D3,CODE-15%,M2_stmem_probe,ST-MEM probe,50,50,4,46,0,43,isotonic_regression,0.032387500149165305,0.025773727427619922,0.9754313712473189,ok
D3,CODE-15%,M2_stmem_probe,ST-MEM probe,50,50,4,46,0,43,learned_mlp_head,0.051750852582993424,0.03301545053001606,0.9202485284619288,ok
D3,CODE-15%,M2_stmem_probe,ST-MEM probe,75,75,0,42,3,64,temperature_scaling,0.04252868821604348,0.026050681708392365,0.9869273814139704,ok
D3,CODE-15%,M2_stmem_probe,ST-MEM probe,75,75,0,42,3,64,monotone_platt,0.033376344422552454,0.0220751771046758,0.9869273814139704,ok
D3,CODE-15%,M2_stmem_probe,ST-MEM probe,75,75,0,42,3,64,isotonic_regression,0.025666767294611523,0.021781738665137194,0.9707463337365346,ok
D3,CODE-15%,M2_stmem_probe,ST-MEM probe,75,75,0,42,3,64,learned_mlp_head,0.04533556175633446,0.03248382905372871,0.9562020261670846,ok
D3,CODE-15%,M2_stmem_probe,ST-MEM probe,75,75,1,43,3,63,temperature_scaling,0.04341698900161442,0.027273694951918972,0.9857967615682668,ok
D3,CODE-15%,M2_stmem_probe,ST-MEM probe,75,75,1,43,3,63,monotone_platt,0.027743523024860686,0.02230358106660531,0.9871833977990191,ok
D3,CODE-15%,M2_stmem_probe,ST-MEM probe,75,75,1,43,3,63,isotonic_regression,0.026837646995559336,0.022333099240752382,0.9535121510539858,ok
D3,CODE-15%,M2_stmem_probe,ST-MEM probe,75,75,1,43,3,63,learned_mlp_head,0.049246103256591595,0.03403131221612729,0.9432386094971092,ok
D3,CODE-15%,M2_stmem_probe,ST-MEM probe,75,75,2,44,3,64,temperature_scaling,0.04534015996159036,0.027250924696980577,0.9869273814139704,ok
D3,CODE-15%,M2_stmem_probe,ST-MEM probe,75,75,2,44,3,64,monotone_platt,0.030457917402430094,0.022507912424649366,0.981135010702245,ok
D3,CODE-15%,M2_stmem_probe,ST-MEM probe,75,75,2,44,3,64,isotonic_regression,0.029147167802393164,0.023243519792095952,0.9638180546519464,ok
D3,CODE-15%,M2_stmem_probe,ST-MEM probe,75,75,2,44,3,64,learned_mlp_head,0.07422539887700016,0.06973614099513073,0.714740006599404,ok
D3,CODE-15%,M2_stmem_probe,ST-MEM probe,75,75,3,45,1,64,temperature_scaling,0.03873075569669209,0.026534232503726357,0.9869273814139704,ok
D3,CODE-15%,M2_stmem_probe,ST-MEM probe,75,75,3,45,1,64,monotone_platt,0.03396253770009772,0.02463007886602886,0.9869273814139704,ok
D3,CODE-15%,M2_stmem_probe,ST-MEM probe,75,75,3,45,1,64,isotonic_regression,0.02828437606566962,0.024595308175507157,0.9811132447093357,ok
D3,CODE-15%,M2_stmem_probe,ST-MEM probe,75,75,3,45,1,64,learned_mlp_head,0.05174050452395571,0.03337445923732914,0.9231630714287499,ok
D3,CODE-15%,M2_stmem_probe,ST-MEM probe,75,75,4,46,5,67,temperature_scaling,0.04222301741403311,0.026442144027245016,0.9869273814139704,ok
D3,CODE-15%,M2_stmem_probe,ST-MEM probe,75,75,4,46,5,67,monotone_platt,0.032000417342816063,0.02395763163698165,0.9869273814139704,ok
D3,CODE-15%,M2_stmem_probe,ST-MEM probe,75,75,4,46,5,67,isotonic_regression,0.022184935711538015,0.023114982787275848,0.967276800825163,ok
D3,CODE-15%,M2_stmem_probe,ST-MEM probe,75,75,4,46,5,67,learned_mlp_head,0.03940349662211399,0.03719003982964859,0.9568516866240845,ok
D3,CODE-15%,M2_stmem_probe,ST-MEM probe,100,100,0,42,7,89,temperature_scaling,0.04361957249291251,0.02667723600425974,0.9869273814139704,ok
D3,CODE-15%,M2_stmem_probe,ST-MEM probe,100,100,0,42,7,89,monotone_platt,0.029010202829829718,0.022400830363039026,0.9869273814139704,ok
D3,CODE-15%,M2_stmem_probe,ST-MEM probe,100,100,0,42,7,89,isotonic_regression,0.022358006784332942,0.02258321298742265,0.9655928589718489,ok
D3,CODE-15%,M2_stmem_probe,ST-MEM probe,100,100,0,42,7,89,learned_mlp_head,0.0423801149751974,0.03240693944466102,0.9624488275132913,ok
D3,CODE-15%,M2_stmem_probe,ST-MEM probe,100,100,1,43,6,88,temperature_scaling,0.044057854392134575,0.027011349493803145,0.9869273814139704,ok
D3,CODE-15%,M2_stmem_probe,ST-MEM probe,100,100,1,43,6,88,monotone_platt,0.0286925214305396,0.022786541884570796,0.9869273814139704,ok
D3,CODE-15%,M2_stmem_probe,ST-MEM probe,100,100,1,43,6,88,isotonic_regression,0.02651903768150611,0.024852945021681047,0.9618521213258907,ok
D3,CODE-15%,M2_stmem_probe,ST-MEM probe,100,100,1,43,6,88,learned_mlp_head,0.04519032416568431,0.03178029231498912,0.957647730831834,ok
D3,CODE-15%,M2_stmem_probe,ST-MEM probe,100,100,2,44,6,87,temperature_scaling,0.03821447433468417,0.02616497768388069,0.9869273814139704,ok
D3,CODE-15%,M2_stmem_probe,ST-MEM probe,100,100,2,44,6,87,monotone_platt,0.026374191750355196,0.02120686981455432,0.9869273814139704,ok
D3,CODE-15%,M2_stmem_probe,ST-MEM probe,100,100,2,44,6,87,isotonic_regression,0.022314966731627448,0.021546848622635645,0.9625122662409495,ok
D3,CODE-15%,M2_stmem_probe,ST-MEM probe,100,100,2,44,6,87,learned_mlp_head,0.044333835800639466,0.03312431660598973,0.9698232120991684,ok
D3,CODE-15%,M2_stmem_probe,ST-MEM probe,100,100,3,45,8,89,temperature_scaling,0.04045560808774429,0.027608156176753496,0.9865948461652341,ok
D3,CODE-15%,M2_stmem_probe,ST-MEM probe,100,100,3,45,8,89,monotone_platt,0.0331496498182238,0.026720985148618367,0.9869273814139704,ok
D3,CODE-15%,M2_stmem_probe,ST-MEM probe,100,100,3,45,8,89,isotonic_regression,0.026867393140448625,0.026829574239600276,0.9494068383450758,ok
D3,CODE-15%,M2_stmem_probe,ST-MEM probe,100,100,3,45,8,89,learned_mlp_head,0.04469880220319283,0.02953677210120732,0.9639633462038691,ok
D3,CODE-15%,M2_stmem_probe,ST-MEM probe,100,100,4,46,6,86,temperature_scaling,0.04411655634159242,0.026157802508646955,0.9869273814139704,ok
D3,CODE-15%,M2_stmem_probe,ST-MEM probe,100,100,4,46,6,86,monotone_platt,0.030697686248900586,0.02206633020838227,0.9869273814139704,ok
D3,CODE-15%,M2_stmem_probe,ST-MEM probe,100,100,4,46,6,86,isotonic_regression,0.022002772670996252,0.024131872557932418,0.9550063764892789,ok
D3,CODE-15%,M2_stmem_probe,ST-MEM probe,100,100,4,46,6,86,learned_mlp_head,0.04683604844487794,0.03361350131740589,0.9649917653147441,ok
D3,CODE-15%,M2_stmem_probe,ST-MEM probe,150,150,0,42,10,130,temperature_scaling,0.045378378793203354,0.02613265438534154,0.9869273814139704,ok
D3,CODE-15%,M2_stmem_probe,ST-MEM probe,150,150,0,42,10,130,monotone_platt,0.029818468898812258,0.021143448461456864,0.9869273814139704,ok
D3,CODE-15%,M2_stmem_probe,ST-MEM probe,150,150,0,42,10,130,isotonic_regression,0.01887064083258475,0.022528773786416365,0.9643219543010827,ok
D3,CODE-15%,M2_stmem_probe,ST-MEM probe,150,150,0,42,10,130,learned_mlp_head,0.04314029773612977,0.029538561416984535,0.9622947548944407,ok
D3,CODE-15%,M2_stmem_probe,ST-MEM probe,150,150,1,43,11,130,temperature_scaling,0.04336120642185581,0.0261717158201293,0.9869273814139704,ok
D3,CODE-15%,M2_stmem_probe,ST-MEM probe,150,150,1,43,11,130,monotone_platt,0.030494890104408107,0.021095271240163287,0.9869273814139704,ok
D3,CODE-15%,M2_stmem_probe,ST-MEM probe,150,150,1,43,11,130,isotonic_regression,0.022146519994418985,0.021266062076947482,0.970565022369489,ok
D3,CODE-15%,M2_stmem_probe,ST-MEM probe,150,150,1,43,11,130,learned_mlp_head,0.048970794828273954,0.028998595722719133,0.9748836605350039,ok
D3,CODE-15%,M2_stmem_probe,ST-MEM probe,150,150,2,44,11,133,temperature_scaling,0.045702100375764436,0.026343835654510202,0.9869273814139704,ok
D3,CODE-15%,M2_stmem_probe,ST-MEM probe,150,150,2,44,11,133,monotone_platt,0.029681305565603954,0.021318798863710808,0.9869273814139704,ok
D3,CODE-15%,M2_stmem_probe,ST-MEM probe,150,150,2,44,11,133,isotonic_regression,0.022735418759271375,0.022901374914791436,0.965783185745086,ok
D3,CODE-15%,M2_stmem_probe,ST-MEM probe,150,150,2,44,11,133,learned_mlp_head,0.042597484627840465,0.029277795771539734,0.9697268713045121,ok
D3,CODE-15%,M2_stmem_probe,ST-MEM probe,150,150,3,45,12,132,temperature_scaling,0.044372165404901576,0.026052291476418812,0.9869273814139704,ok
D3,CODE-15%,M2_stmem_probe,ST-MEM probe,150,150,3,45,12,132,monotone_platt,0.027938292286762603,0.021245237927124346,0.9869273814139704,ok
D3,CODE-15%,M2_stmem_probe,ST-MEM probe,150,150,3,45,12,132,isotonic_regression,0.018605225160891258,0.02210678954332108,0.9752369096478479,ok
D3,CODE-15%,M2_stmem_probe,ST-MEM probe,150,150,3,45,12,132,learned_mlp_head,0.04333656013216721,0.028082223524596005,0.9666300017795506,ok
D3,CODE-15%,M2_stmem_probe,ST-MEM probe,150,150,4,46,12,133,temperature_scaling,0.04066710470253591,0.02599444682096619,0.9869273814139704,ok
D3,CODE-15%,M2_stmem_probe,ST-MEM probe,150,150,4,46,12,133,monotone_platt,0.03046633428537994,0.020918266197311488,0.9869273814139704,ok
D3,CODE-15%,M2_stmem_probe,ST-MEM probe,150,150,4,46,12,133,isotonic_regression,0.022815487931363777,0.023334788937094036,0.9548029416363303,ok
D3,CODE-15%,M2_stmem_probe,ST-MEM probe,150,150,4,46,12,133,learned_mlp_head,0.04128490749869646,0.028897272658541057,0.9661777385599476,ok
D3,CODE-15%,M2_stmem_probe,ST-MEM probe,full,201,0,42,15,177,temperature_scaling,0.042637344347629946,0.02610485136039199,0.9869273814139704,ok
D3,CODE-15%,M2_stmem_probe,ST-MEM probe,full,201,0,42,15,177,monotone_platt,0.0288353906362305,0.02067172336297893,0.9869273814139704,ok
D3,CODE-15%,M2_stmem_probe,ST-MEM probe,full,201,0,42,15,177,isotonic_regression,0.01819841188161613,0.021184983521118823,0.9756544797855325,ok
D3,CODE-15%,M2_stmem_probe,ST-MEM probe,full,201,0,42,15,177,learned_mlp_head,0.04548963172298803,0.028736802847057943,0.970551142916804,ok
D3,CODE-15%,M2_stmem_probe,ST-MEM probe,full,201,1,43,15,177,temperature_scaling,0.042637344347629946,0.02610485136039199,0.9869273814139704,ok
D3,CODE-15%,M2_stmem_probe,ST-MEM probe,full,201,1,43,15,177,monotone_platt,0.0288353906362305,0.02067172336297893,0.9869273814139704,ok
D3,CODE-15%,M2_stmem_probe,ST-MEM probe,full,201,1,43,15,177,isotonic_regression,0.01819841188161613,0.021184983521118823,0.9756544797855325,ok
D3,CODE-15%,M2_stmem_probe,ST-MEM probe,full,201,1,43,15,177,learned_mlp_head,0.04548963172298803,0.028736802847057943,0.970551142916804,ok
D3,CODE-15%,M2_stmem_probe,ST-MEM probe,full,201,2,44,15,177,temperature_scaling,0.042637344347629946,0.02610485136039199,0.9869273814139704,ok
D3,CODE-15%,M2_stmem_probe,ST-MEM probe,full,201,2,44,15,177,monotone_platt,0.0288353906362305,0.02067172336297893,0.9869273814139704,ok
D3,CODE-15%,M2_stmem_probe,ST-MEM probe,full,201,2,44,15,177,isotonic_regression,0.01819841188161613,0.021184983521118823,0.9756544797855325,ok
D3,CODE-15%,M2_stmem_probe,ST-MEM probe,full,201,2,44,15,177,learned_mlp_head,0.04548963172298803,0.028736802847057943,0.970551142916804,ok
D3,CODE-15%,M2_stmem_probe,ST-MEM probe,full,201,3,45,15,177,temperature_scaling,0.042637344347629946,0.02610485136039199,0.9869273814139704,ok
D3,CODE-15%,M2_stmem_probe,ST-MEM probe,full,201,3,45,15,177,monotone_platt,0.0288353906362305,0.02067172336297893,0.9869273814139704,ok
D3,CODE-15%,M2_stmem_probe,ST-MEM probe,full,201,3,45,15,177,isotonic_regression,0.01819841188161613,0.021184983521118823,0.9756544797855325,ok
D3,CODE-15%,M2_stmem_probe,ST-MEM probe,full,201,3,45,15,177,learned_mlp_head,0.04548963172298803,0.028736802847057943,0.970551142916804,ok
D3,CODE-15%,M2_stmem_probe,ST-MEM probe,full,201,4,46,15,177,temperature_scaling,0.042637344347629946,0.02610485136039199,0.9869273814139704,ok
D3,CODE-15%,M2_stmem_probe,ST-MEM probe,full,201,4,46,15,177,monotone_platt,0.0288353906362305,0.02067172336297893,0.9869273814139704,ok
D3,CODE-15%,M2_stmem_probe,ST-MEM probe,full,201,4,46,15,177,isotonic_regression,0.01819841188161613,0.021184983521118823,0.9756544797855325,ok
D3,CODE-15%,M2_stmem_probe,ST-MEM probe,full,201,4,46,15,177,learned_mlp_head,0.04548963172298803,0.028736802847057943,0.970551142916804,ok
