cell,model,dataset,class,ece,auroc,prevalence,log_npos,feature_spread,objective,dataset_cat,multilabel
M1_D1,MERL,PTB-XL,NORM,0.09857082081777342,0.858975509105589,0.47491639852523804,2.1522883443830563,34.77290344238281,contrastive,D1,1
M1_D1,MERL,PTB-XL,MI,0.09652294926731451,0.7595559845559845,0.13377925753593445,1.6020599913279623,34.77290344238281,contrastive,D1,1
M1_D1,MERL,PTB-XL,STTC,0.07931906238256968,0.8745610612563403,0.22073578834533691,1.8195439355418688,34.77290344238281,contrastive,D1,1
M1_D1,MERL,PTB-XL,CD,0.0908328121297885,0.8279490944689183,0.24080267548561096,1.8573324964312685,34.77290344238281,contrastive,D1,1
M1_D1,MERL,PTB-XL,HYP,0.07002731261856505,0.818030303030303,0.08026755601167679,1.380211241711606,34.77290344238281,contrastive,D1,1
M2_D1,ST-MEM,PTB-XL,NORM,0.1524911653635153,0.8795191531353728,0.47491639852523804,2.1522883443830563,0.2273503839969635,masked,D1,1
M2_D1,ST-MEM,PTB-XL,MI,0.12068685057117841,0.8162162162162162,0.13377925753593445,1.6020599913279623,0.2273503839969635,masked,D1,1
M2_D1,ST-MEM,PTB-XL,STTC,0.13018389443677897,0.8268305371309663,0.22073578834533691,1.8195439355418688,0.2273503839969635,masked,D1,1
M2_D1,ST-MEM,PTB-XL,CD,0.10846838643452239,0.8865638766519824,0.24080267548561096,1.8573324964312685,0.2273503839969635,masked,D1,1
M2_D1,ST-MEM,PTB-XL,HYP,0.10778873894600584,0.7792424242424242,0.08026755601167679,1.380211241711606,0.2273503839969635,masked,D1,1
M3_D1,HuBERT-ECG,PTB-XL,NORM,0.17794302174226012,0.8648066744415537,0.47491639852523804,2.1522883443830563,0.6333665251731873,masked,D1,1
M3_D1,HuBERT-ECG,PTB-XL,MI,0.1217513347355947,0.7852316602316601,0.13377925753593445,1.6020599913279623,0.6333665251731873,masked,D1,1
M3_D1,HuBERT-ECG,PTB-XL,STTC,0.12790740429861136,0.8247496423462088,0.22073578834533691,1.8195439355418688,0.6333665251731873,masked,D1,1
M3_D1,HuBERT-ECG,PTB-XL,CD,0.14708116355867448,0.7993147332354381,0.24080267548561096,1.8573324964312685,0.6333665251731873,masked,D1,1
M3_D1,HuBERT-ECG,PTB-XL,HYP,0.10771562838105565,0.6584848484848485,0.08026755601167679,1.380211241711606,0.6333665251731873,masked,D1,1
M4_D1,ECGFM-KED,PTB-XL,NORM,0.09298565645744361,0.8410783170359738,0.47491639852523804,2.1522883443830563,0.11952430009841919,knowledge,D1,1
M4_D1,ECGFM-KED,PTB-XL,MI,0.09938041702086728,0.7351351351351351,0.13377925753593445,1.6020599913279623,0.11952430009841919,knowledge,D1,1
M4_D1,ECGFM-KED,PTB-XL,STTC,0.06865428927139182,0.7850175575497463,0.22073578834533691,1.8195439355418688,0.11952430009841919,knowledge,D1,1
M4_D1,ECGFM-KED,PTB-XL,CD,0.0762202394905787,0.8179148311306902,0.24080267548561096,1.8573324964312685,0.11952430009841919,knowledge,D1,1
M4_D1,ECGFM-KED,PTB-XL,HYP,0.05872993303253713,0.6677272727272727,0.08026755601167679,1.380211241711606,0.11952430009841919,knowledge,D1,1
M5_D1,ECG-FM,PTB-XL,NORM,0.11176336894988684,0.848748542208666,0.47491639852523804,2.1522883443830563,0.752017080783844,hybrid,D1,1
M5_D1,ECG-FM,PTB-XL,MI,0.07719347094762502,0.8465250965250966,0.13377925753593445,1.6020599913279623,0.752017080783844,hybrid,D1,1
M5_D1,ECG-FM,PTB-XL,STTC,0.0946785110735959,0.832227857978931,0.22073578834533691,1.8195439355418688,0.752017080783844,hybrid,D1,1
M5_D1,ECG-FM,PTB-XL,CD,0.07321505390098924,0.8612334801762115,0.24080267548561096,1.8573324964312685,0.752017080783844,hybrid,D1,1
M5_D1,ECG-FM,PTB-XL,HYP,0.08421394964360449,0.6853030303030303,0.08026755601167679,1.380211241711606,0.752017080783844,hybrid,D1,1
M6_D1,S4D,PTB-XL,NORM,0.09176053862828372,0.7767560778684848,0.47491639852523804,2.1522883443830563,9.205646514892578,supervised,D1,1
M6_D1,S4D,PTB-XL,MI,0.058903486319876915,0.8129343629343629,0.13377925753593445,1.6020599913279623,9.205646514892578,supervised,D1,1
M6_D1,S4D,PTB-XL,STTC,0.09401953604723966,0.6046299908960853,0.22073578834533691,1.8195439355418688,9.205646514892578,supervised,D1,1
M6_D1,S4D,PTB-XL,CD,0.0421469411385557,0.8097772883015173,0.24080267548561096,1.8573324964312685,9.205646514892578,supervised,D1,1
M6_D1,S4D,PTB-XL,HYP,0.03455085842775284,0.8516666666666667,0.08026755601167679,1.380211241711606,9.205646514892578,supervised,D1,1
M1_D3,MERL,CODE-15%,1dAVb,0.01191140036164508,0.8880363739698778,0.02005012519657612,1.380211241711606,51.860618591308594,contrastive,D3,0
M1_D3,MERL,CODE-15%,RBBB,0.014254431296323054,0.9158156806481559,0.03425229713320732,1.6127838567197355,51.860618591308594,contrastive,D3,0
M1_D3,MERL,CODE-15%,LBBB,0.010623537137001638,0.9056074766355141,0.016708437353372574,1.3010299956639813,51.860618591308594,contrastive,D3,0
M1_D3,MERL,CODE-15%,SB,0.013439624018058255,0.8979996760609006,0.017543859779834747,1.3222192947339193,51.860618591308594,contrastive,D3,0
M1_D3,MERL,CODE-15%,ST,0.010478154689120682,0.9427749360613811,0.02005012519657612,1.380211241711606,51.860618591308594,contrastive,D3,0
M1_D3,MERL,CODE-15%,AF,0.0104766600502743,0.7901296111665005,0.014202171936631203,1.2304489213782739,51.860618591308594,contrastive,D3,0
M1_D3,MERL,CODE-15%,NORM,0.06800183092833632,0.7113319281340962,0.3834586441516876,2.661812685537261,51.860618591308594,contrastive,D3,0
M2_D3,ST-MEM,CODE-15%,1dAVb,0.013903053979302308,0.976768968456948,0.02005012519657612,1.380211241711606,0.2599007785320282,masked,D3,0
M2_D3,ST-MEM,CODE-15%,RBBB,0.013780055115334098,0.9734471263397755,0.03425229713320732,1.6127838567197355,0.2599007785320282,masked,D3,0
M2_D3,ST-MEM,CODE-15%,LBBB,0.010322772624494568,0.9898470688190314,0.016708437353372574,1.3010299956639813,0.2599007785320282,masked,D3,0
M2_D3,ST-MEM,CODE-15%,SB,0.02111377377936687,0.9762714609653386,0.017543859779834747,1.3222192947339193,0.2599007785320282,masked,D3,0
M2_D3,ST-MEM,CODE-15%,ST,0.018681900680636052,0.9864308042057404,0.02005012519657612,1.380211241711606,0.2599007785320282,masked,D3,0
M2_D3,ST-MEM,CODE-15%,AF,0.008410261141081612,0.972382851445663,0.014202171936631203,1.2304489213782739,0.2599007785320282,masked,D3,0
M2_D3,ST-MEM,CODE-15%,NORM,0.11190924219991062,0.7590142350225245,0.3834586441516876,2.661812685537261,0.2599007785320282,masked,D3,0
M3_D3,HuBERT-ECG,CODE-15%,1dAVb,0.030131650050353075,0.6752273373117363,0.02005012519657612,1.380211241711606,1.7377854585647583,masked,D3,0
M3_D3,HuBERT-ECG,CODE-15%,RBBB,0.017326703779791956,0.9133049202464343,0.03425229713320732,1.6127838567197355,1.7377854585647583,masked,D3,0
M3_D3,HuBERT-ECG,CODE-15%,LBBB,0.011516241411432844,0.9869583687340697,0.016708437353372574,1.3010299956639813,1.7377854585647583,masked,D3,0
M3_D3,HuBERT-ECG,CODE-15%,SB,0.016829817105629,0.9695902170391967,0.017543859779834747,1.3222192947339193,1.7377854585647583,masked,D3,0
M3_D3,HuBERT-ECG,CODE-15%,ST,0.0206088949870343,0.9748863313441319,0.02005012519657612,1.380211241711606,1.7377854585647583,masked,D3,0
M3_D3,HuBERT-ECG,CODE-15%,AF,0.01883287847707831,0.888085742771685,0.014202171936631203,1.2304489213782739,1.7377854585647583,masked,D3,0
M3_D3,HuBERT-ECG,CODE-15%,NORM,0.1121359931907099,0.7359701483725077,0.3834586441516876,2.661812685537261,1.7377854585647583,masked,D3,0
M5_D3,ECG-FM,CODE-15%,1dAVb,0.009802256680162661,0.6126030122193804,0.02005012519657612,1.380211241711606,2.664583206176758,hybrid,D3,0
M5_D3,ECG-FM,CODE-15%,RBBB,0.029879155386882864,0.7711410245590345,0.03425229713320732,1.6127838567197355,2.664583206176758,hybrid,D3,0
M5_D3,ECG-FM,CODE-15%,LBBB,0.014564051584694019,0.7852591333899744,0.016708437353372574,1.3010299956639813,2.664583206176758,hybrid,D3,0
M5_D3,ECG-FM,CODE-15%,SB,0.017357731277485643,0.5625607385811466,0.017543859779834747,1.3222192947339193,2.664583206176758,hybrid,D3,0
M5_D3,ECG-FM,CODE-15%,ST,0.012373531407074818,0.6922776356919579,0.02005012519657612,1.380211241711606,2.664583206176758,hybrid,D3,0
M5_D3,ECG-FM,CODE-15%,AF,0.01236837029827106,0.6207377866400798,0.014202171936631203,1.2304489213782739,2.664583206176758,hybrid,D3,0
M5_D3,ECG-FM,CODE-15%,NORM,0.07320928253728723,0.6340636826847571,0.3834586441516876,2.661812685537261,2.664583206176758,hybrid,D3,0
M6_D3,S4D,CODE-15%,1dAVb,0.002884868383552581,0.5588945723216824,0.02005012519657612,1.380211241711606,15.066460609436035,supervised,D3,0
M6_D3,S4D,CODE-15%,RBBB,0.011969302427852893,0.8730589079247193,0.03425229713320732,1.6127838567197355,15.066460609436035,supervised,D3,0
M6_D3,S4D,CODE-15%,LBBB,0.006693190485985714,0.9335598980458792,0.016708437353372574,1.3010299956639813,15.066460609436035,supervised,D3,0
M6_D3,S4D,CODE-15%,SB,0.002552208516131823,0.5960479429867185,0.017543859779834747,1.3222192947339193,15.066460609436035,supervised,D3,0
M6_D3,S4D,CODE-15%,ST,0.003934867751897111,0.544366297243535,0.02005012519657612,1.380211241711606,15.066460609436035,supervised,D3,0
M6_D3,S4D,CODE-15%,AF,0.007174126111878134,0.6317048853439682,0.014202171936631203,1.2304489213782739,15.066460609436035,supervised,D3,0
M6_D3,S4D,CODE-15%,NORM,0.03787186478554947,0.6556582886090299,0.3834586441516876,2.661812685537261,15.066460609436035,supervised,D3,0
M1_D4,MERL,CPSC2018,Normal,0.02370467984585343,0.943759733409247,0.1290009766817093,2.123851640967086,48.772979736328125,contrastive,D4,0
M1_D4,MERL,CPSC2018,AF,0.03365416256241724,0.9645891340044263,0.15615907311439514,2.2068258760318495,48.772979736328125,contrastive,D4,0
M1_D4,MERL,CPSC2018,IAVB,0.021539339049212358,0.9530040398813907,0.10572259873151779,2.037426497940624,48.772979736328125,contrastive,D4,0
M1_D4,MERL,CPSC2018,LBBB,0.008843286563917793,0.9895971668880036,0.026188166812062263,1.4313637641589874,48.772979736328125,contrastive,D4,0
M1_D4,MERL,CPSC2018,RBBB,0.01766057881652629,0.9809849727548692,0.27546072006225586,2.4533183400470375,48.772979736328125,contrastive,D4,0
M1_D4,MERL,CPSC2018,PAC,0.03120382630233041,0.7454656715220096,0.10475266724824905,2.03342375548695,48.772979736328125,contrastive,D4,0
M1_D4,MERL,CPSC2018,PVC,0.031289835344894365,0.805478235119929,0.10669253021478653,2.041392685158225,48.772979736328125,contrastive,D4,0
M1_D4,MERL,CPSC2018,STD,0.024272038818009066,0.9368139993427539,0.1319107711315155,2.1335389083702174,48.772979736328125,contrastive,D4,0
M1_D4,MERL,CPSC2018,STE,0.02628302761320282,0.8686160199186251,0.03200776129961014,1.5185139398778875,48.772979736328125,contrastive,D4,0
M2_D4,ST-MEM,CPSC2018,Normal,0.041708244466530674,0.96268231826783,0.1290009766817093,2.123851640967086,0.2802838981151581,masked,D4,0
M2_D4,ST-MEM,CPSC2018,AF,0.02447106098949444,0.9824659099021917,0.15615907311439514,2.2068258760318495,0.2802838981151581,masked,D4,0
M2_D4,ST-MEM,CPSC2018,IAVB,0.03072589668740288,0.9716511771378535,0.10572259873151779,2.037426497940624,0.2802838981151581,masked,D4,0
M2_D4,ST-MEM,CPSC2018,LBBB,0.008024317787377031,0.9947616939648811,0.026188166812062263,1.4313637641589874,0.2802838981151581,masked,D4,0
M2_D4,ST-MEM,CPSC2018,RBBB,0.03347865136816521,0.9825122084582462,0.27546072006225586,2.4533183400470375,0.2802838981151581,masked,D4,0
M2_D4,ST-MEM,CPSC2018,PAC,0.049084728554099046,0.8901328197102846,0.10475266724824905,2.03342375548695,0.2802838981151581,masked,D4,0
M2_D4,ST-MEM,CPSC2018,PVC,0.04155185923576222,0.9187444477346758,0.10669253021478653,2.041392685158225,0.2802838981151581,masked,D4,0
M2_D4,ST-MEM,CPSC2018,STD,0.04371758892570258,0.9496878080841276,0.1319107711315155,2.1335389083702174,0.2802838981151581,masked,D4,0
M2_D4,ST-MEM,CPSC2018,STE,0.03205189482695409,0.8978866824558208,0.03200776129961014,1.5185139398778875,0.2802838981151581,masked,D4,0
M3_D4,HuBERT-ECG,CPSC2018,Normal,0.0624277377450906,0.8943182008473298,0.1290009766817093,2.123851640967086,0.7592968344688416,masked,D4,0
M3_D4,HuBERT-ECG,CPSC2018,AF,0.05205312571789012,0.9432498036695939,0.15615907311439514,2.2068258760318495,0.7592968344688416,masked,D4,0
M3_D4,HuBERT-ECG,CPSC2018,IAVB,0.06670070032776852,0.8458974307946426,0.10572259873151779,2.037426497940624,0.7592968344688416,masked,D4,0
M3_D4,HuBERT-ECG,CPSC2018,LBBB,0.006978255512033157,0.9965692784417883,0.026188166812062263,1.4313637641589874,0.7592968344688416,masked,D4,0
M3_D4,HuBERT-ECG,CPSC2018,RBBB,0.04193446819503953,0.9569498651884533,0.27546072006225586,2.4533183400470375,0.7592968344688416,masked,D4,0
M3_D4,HuBERT-ECG,CPSC2018,PAC,0.09468353410885257,0.6787548653745835,0.10475266724824905,2.03342375548695,0.7592968344688416,masked,D4,0
M3_D4,HuBERT-ECG,CPSC2018,PVC,0.04691696575089755,0.8375283782449906,0.10669253021478653,2.041392685158225,0.7592968344688416,masked,D4,0
M3_D4,HuBERT-ECG,CPSC2018,STD,0.0517283833724345,0.9013227078540913,0.1319107711315155,2.1335389083702174,0.7592968344688416,masked,D4,0
M3_D4,HuBERT-ECG,CPSC2018,STE,0.03212765166859606,0.8278678569259732,0.03200776129961014,1.5185139398778875,0.7592968344688416,masked,D4,0
M4_D4,ECGFM-KED,CPSC2018,Normal,0.029770495169617647,0.8702044643903746,0.1290009766817093,2.123851640967086,0.1535399854183197,knowledge,D4,0
M4_D4,ECGFM-KED,CPSC2018,AF,0.025353947599459557,0.8370457628328694,0.15615907311439514,2.2068258760318495,0.1535399854183197,knowledge,D4,0
M4_D4,ECGFM-KED,CPSC2018,IAVB,0.024208374342309345,0.8035284284264363,0.10572259873151779,2.037426497940624,0.1535399854183197,knowledge,D4,0
M4_D4,ECGFM-KED,CPSC2018,LBBB,0.007694721629152939,0.9527445772465692,0.026188166812062263,1.4313637641589874,0.1535399854183197,knowledge,D4,0
M4_D4,ECGFM-KED,CPSC2018,RBBB,0.03301161022284738,0.9550502479401173,0.27546072006225586,2.4533183400470375,0.1535399854183197,knowledge,D4,0
M4_D4,ECGFM-KED,CPSC2018,PAC,0.033472091285626546,0.6175013041210224,0.10475266724824905,2.03342375548695,0.1535399854183197,knowledge,D4,0
M4_D4,ECGFM-KED,CPSC2018,PVC,0.02910539423624992,0.7159609120521173,0.10669253021478653,2.041392685158225,0.1535399854183197,knowledge,D4,0
M4_D4,ECGFM-KED,CPSC2018,STD,0.025519363521504197,0.8094479132435097,0.1319107711315155,2.1335389083702174,0.1535399854183197,knowledge,D4,0
M4_D4,ECGFM-KED,CPSC2018,STE,0.018110481408098445,0.830539867614016,0.03200776129961014,1.5185139398778875,0.1535399854183197,knowledge,D4,0
M5_D4,ECG-FM,CPSC2018,Normal,0.03745833927035588,0.8866319473516754,0.1290009766817093,2.123851640967086,0.7071269750595093,hybrid,D4,0
M5_D4,ECG-FM,CPSC2018,AF,0.042487115337570915,0.8725066038409366,0.15615907311439514,2.2068258760318495,0.7071269750595093,hybrid,D4,0
M5_D4,ECG-FM,CPSC2018,IAVB,0.0366603180486377,0.8039463471909888,0.10572259873151779,2.037426497940624,0.7071269750595093,hybrid,D4,0
M5_D4,ECG-FM,CPSC2018,LBBB,0.009012478345479864,0.9805592445034675,0.026188166812062263,1.4313637641589874,0.7071269750595093,hybrid,D4,0
M5_D4,ECG-FM,CPSC2018,RBBB,0.02308556422006429,0.9740935573279031,0.27546072006225586,2.4533183400470375,0.7071269750595093,hybrid,D4,0
M5_D4,ECG-FM,CPSC2018,PAC,0.05040290823009115,0.6436138196701577,0.10475266724824905,2.03342375548695,0.7071269750595093,hybrid,D4,0
M5_D4,ECG-FM,CPSC2018,PVC,0.029927127824130196,0.7842167604382588,0.10669253021478653,2.041392685158225,0.7071269750595093,hybrid,D4,0
M5_D4,ECG-FM,CPSC2018,STD,0.03649287055536579,0.8623726585606311,0.1319107711315155,2.1335389083702174,0.7071269750595093,hybrid,D4,0
M5_D4,ECG-FM,CPSC2018,STE,0.025167444353230168,0.8116839740086234,0.03200776129961014,1.5185139398778875,0.7071269750595093,hybrid,D4,0
M6_D4,S4D,CPSC2018,Normal,0.018033693153258874,0.806303062779443,0.1290009766817093,2.123851640967086,42.600223541259766,supervised,D4,0
M6_D4,S4D,CPSC2018,AF,0.03137734659522893,0.7655457985293068,0.15615907311439514,2.2068258760318495,42.600223541259766,supervised,D4,0
M6_D4,S4D,CPSC2018,IAVB,0.01962394987541771,0.7958168321757647,0.10572259873151779,2.037426497940624,42.600223541259766,supervised,D4,0
M6_D4,S4D,CPSC2018,LBBB,0.012000324777409923,0.9439648812158772,0.026188166812062263,1.4313637641589874,42.600223541259766,supervised,D4,0
M6_D4,S4D,CPSC2018,RBBB,0.05137965638115764,0.9199002583102363,0.27546072006225586,2.4533183400470375,42.600223541259766,supervised,D4,0
M6_D4,S4D,CPSC2018,PAC,0.026382984759894385,0.6265498976766583,0.10475266724824905,2.03342375548695,42.600223541259766,supervised,D4,0
M6_D4,S4D,CPSC2018,PVC,0.019503004357298185,0.8554042049156055,0.10669253021478653,2.041392685158225,42.600223541259766,supervised,D4,0
M6_D4,S4D,CPSC2018,STD,0.01795208011362534,0.7660285902070323,0.1319107711315155,2.1335389083702174,42.600223541259766,supervised,D4,0
M6_D4,S4D,CPSC2018,STE,0.012491525002161784,0.7468573510657679,0.03200776129961014,1.5185139398778875,42.600223541259766,supervised,D4,0
M1_D5,MERL,MIMIC-IV-ECG,SR,0.0963608456595892,0.7749767657992565,0.8936877250671387,2.429752280002408,41.22050476074219,contrastive,D5,0
M1_D5,MERL,MIMIC-IV-ECG,AF,0.07944342028841792,0.9217432950191571,0.13289035856723785,1.6020599913279623,41.22050476074219,contrastive,D5,0
M1_D5,MERL,MIMIC-IV-ECG,RBBB,0.04136568951501169,0.977367870225013,0.09302325546741486,1.4471580313422192,41.22050476074219,contrastive,D5,0
M1_D5,MERL,MIMIC-IV-ECG,LVH,0.06252226157406386,0.8367546432062563,0.07308970391750336,1.3424226808222062,41.22050476074219,contrastive,D5,0
M1_D5,MERL,MIMIC-IV-ECG,MI,0.0895059406889002,0.7916722904575515,0.2059800624847412,1.792391689498254,41.22050476074219,contrastive,D5,0
M2_D5,ST-MEM,MIMIC-IV-ECG,SR,0.09590852209651737,0.8482806691449815,0.8936877250671387,2.429752280002408,0.22429081797599792,masked,D5,0
M2_D5,ST-MEM,MIMIC-IV-ECG,AF,0.05109421988225982,0.9612068965517242,0.13289035856723785,1.6020599913279623,0.22429081797599792,masked,D5,0
M2_D5,ST-MEM,MIMIC-IV-ECG,RBBB,0.030517268349462993,0.9453165881737311,0.09302325546741486,1.4471580313422192,0.22429081797599792,masked,D5,0
M2_D5,ST-MEM,MIMIC-IV-ECG,LVH,0.08441265715207595,0.7409579667644184,0.07308970391750336,1.3424226808222062,0.22429081797599792,masked,D5,0
M2_D5,ST-MEM,MIMIC-IV-ECG,MI,0.13850796718884822,0.7727088675934675,0.2059800624847412,1.792391689498254,0.22429081797599792,masked,D5,0
M3_D5,HuBERT-ECG,MIMIC-IV-ECG,SR,0.1481806987986214,0.6560176579925651,0.8936877250671387,2.429752280002408,1.0268627405166626,masked,D5,0
M3_D5,HuBERT-ECG,MIMIC-IV-ECG,AF,0.08015701982685866,0.8600574712643678,0.13289035856723785,1.6020599913279623,1.0268627405166626,masked,D5,0
M3_D5,HuBERT-ECG,MIMIC-IV-ECG,RBBB,0.056087068562852005,0.9213762428048142,0.09302325546741486,1.4471580313422192,1.0268627405166626,masked,D5,0
M3_D5,HuBERT-ECG,MIMIC-IV-ECG,LVH,0.08507668901986577,0.810850439882698,0.07308970391750336,1.3424226808222062,1.0268627405166626,masked,D5,0
M3_D5,HuBERT-ECG,MIMIC-IV-ECG,MI,0.16159712546942845,0.7258739371035228,0.2059800624847412,1.792391689498254,1.0268627405166626,masked,D5,0
M4_D5,ECGFM-KED,MIMIC-IV-ECG,SR,0.06539028597890602,0.5727230483271375,0.8936877250671387,2.429752280002408,0.07486265152692795,knowledge,D5,0
M4_D5,ECGFM-KED,MIMIC-IV-ECG,AF,0.06935620949095339,0.6574712643678161,0.13289035856723785,1.6020599913279623,0.07486265152692795,knowledge,D5,0
M4_D5,ECGFM-KED,MIMIC-IV-ECG,RBBB,0.046329133285669954,0.9008372579801152,0.09302325546741486,1.4471580313422192,0.07486265152692795,knowledge,D5,0
M4_D5,ECGFM-KED,MIMIC-IV-ECG,LVH,0.047000691654369514,0.7497556207233625,0.07308970391750336,1.3424226808222062,0.07486265152692795,knowledge,D5,0
M4_D5,ECGFM-KED,MIMIC-IV-ECG,MI,0.08865203220066135,0.7793899311647996,0.2059800624847412,1.792391689498254,0.07486265152692795,knowledge,D5,0
M5_D5,ECG-FM,MIMIC-IV-ECG,SR,0.0892312478295886,0.6412639405204461,0.8936877250671387,2.429752280002408,0.7304993271827698,hybrid,D5,0
M5_D5,ECG-FM,MIMIC-IV-ECG,AF,0.08401880441145665,0.7456896551724138,0.13289035856723785,1.6020599913279623,0.7304993271827698,hybrid,D5,0
M5_D5,ECG-FM,MIMIC-IV-ECG,RBBB,0.030885911261142235,0.9655939298796441,0.09302325546741486,1.4471580313422192,0.7304993271827698,hybrid,D5,0
M5_D5,ECG-FM,MIMIC-IV-ECG,LVH,0.05842347415020099,0.7640925382860867,0.07308970391750336,1.3424226808222062,0.7304993271827698,hybrid,D5,0
M5_D5,ECG-FM,MIMIC-IV-ECG,MI,0.11544920559819226,0.7397759481711432,0.2059800624847412,1.792391689498254,0.7304993271827698,hybrid,D5,0
M6_D5,S4D,MIMIC-IV-ECG,SR,0.044836722617896126,0.6409154275092936,0.8936877250671387,2.429752280002408,16.077573776245117,supervised,D5,0
M6_D5,S4D,MIMIC-IV-ECG,AF,0.04151317950850192,0.7172413793103448,0.13289035856723785,1.6020599913279623,16.077573776245117,supervised,D5,0
M6_D5,S4D,MIMIC-IV-ECG,RBBB,0.05307020789547333,0.9663788592360021,0.09302325546741486,1.4471580313422192,16.077573776245117,supervised,D5,0
M6_D5,S4D,MIMIC-IV-ECG,LVH,0.032050879740168806,0.8623330074942979,0.07308970391750336,1.3424226808222062,16.077573776245117,supervised,D5,0
M6_D5,S4D,MIMIC-IV-ECG,MI,0.045582716879471304,0.7799973005803752,0.2059800624847412,1.792391689498254,16.077573776245117,supervised,D5,0
