cell,model,dataset,method,macro_ece,macro_nll,macro_brier,macro_auroc,macro_auroc_loss_vs_raw,max_class_auroc_loss,selections
M1_D1,MERL,PTB-XL,raw,0.0871,0.4343,0.1221,0.8278,0.0,0.0,
M1_D1,MERL,PTB-XL,platt,0.0539,0.377,0.1152,0.8278,0.0,0.0,
M1_D1,MERL,PTB-XL,temperature,0.0638,0.373,0.1164,0.8278,0.0,0.0,
M1_D1,MERL,PTB-XL,isotonic,0.0502,0.3947,0.1144,0.818,0.0098,0.0225,
M1_D1,MERL,PTB-XL,ranksafe_eps0.005,0.0534,0.3843,0.1151,0.8248,0.0031,0.0153,"{""eps0.005"": {""NORM"": ""temperature"", ""MI"": ""platt"", ""STTC"": ""temperature"", ""CD"": ""isotonic"", ""HYP"": ""platt""}, ""eps0.01"": {""NORM"": ""temperature"", ""MI"": ""platt"", ""STTC"": ""temperature"", ""CD"": ""isotonic"", ""HYP"": ""platt""}}"
M1_D1,MERL,PTB-XL,ranksafe_eps0.01,0.0534,0.3843,0.1151,0.8248,0.0031,0.0153,"{""eps0.005"": {""NORM"": ""temperature"", ""MI"": ""platt"", ""STTC"": ""temperature"", ""CD"": ""isotonic"", ""HYP"": ""platt""}, ""eps0.01"": {""NORM"": ""temperature"", ""MI"": ""platt"", ""STTC"": ""temperature"", ""CD"": ""isotonic"", ""HYP"": ""platt""}}"
M2_D1,ST-MEM,PTB-XL,raw,0.1239,0.559,0.1348,0.8377,0.0,0.0,
M2_D1,ST-MEM,PTB-XL,platt,0.049,0.3847,0.118,0.8377,0.0,0.0,
M2_D1,ST-MEM,PTB-XL,temperature,0.0725,0.3651,0.1159,0.8377,0.0,0.0,
M2_D1,ST-MEM,PTB-XL,isotonic,0.0451,0.389,0.1119,0.8237,0.0139,0.0291,
M2_D1,ST-MEM,PTB-XL,ranksafe_eps0.005,0.0588,0.3815,0.1173,0.8377,0.0,0.0,"{""eps0.005"": {""NORM"": ""platt"", ""MI"": ""platt"", ""STTC"": ""platt"", ""CD"": ""temperature"", ""HYP"": ""platt""}, ""eps0.01"": {""NORM"": ""platt"", ""MI"": ""platt"", ""STTC"": ""platt"", ""CD"": ""isotonic"", ""HYP"": ""platt""}}"
M2_D1,ST-MEM,PTB-XL,ranksafe_eps0.01,0.0535,0.3871,0.1174,0.837,0.0007,0.0035,"{""eps0.005"": {""NORM"": ""platt"", ""MI"": ""platt"", ""STTC"": ""platt"", ""CD"": ""temperature"", ""HYP"": ""platt""}, ""eps0.01"": {""NORM"": ""platt"", ""MI"": ""platt"", ""STTC"": ""platt"", ""CD"": ""isotonic"", ""HYP"": ""platt""}}"
M3_D1,HuBERT-ECG,PTB-XL,raw,0.1365,0.6428,0.1421,0.7865,0.0,0.0,
M3_D1,HuBERT-ECG,PTB-XL,platt,0.0526,0.393,0.12,0.7865,0.0,0.0,
M3_D1,HuBERT-ECG,PTB-XL,temperature,0.0858,0.4032,0.1259,0.7865,0.0,0.0,
M3_D1,HuBERT-ECG,PTB-XL,isotonic,0.0418,0.4893,0.1187,0.7743,0.0122,0.024,
M3_D1,HuBERT-ECG,PTB-XL,ranksafe_eps0.005,0.0499,0.386,0.1182,0.7865,0.0,0.0,"{""eps0.005"": {""NORM"": ""temperature"", ""MI"": ""platt"", ""STTC"": ""platt"", ""CD"": ""platt"", ""HYP"": ""platt""}, ""eps0.01"": {""NORM"": ""temperature"", ""MI"": ""platt"", ""STTC"": ""isotonic"", ""CD"": ""platt"", ""HYP"": ""platt""}}"
M3_D1,HuBERT-ECG,PTB-XL,ranksafe_eps0.01,0.0461,0.3905,0.118,0.7851,0.0015,0.0073,"{""eps0.005"": {""NORM"": ""temperature"", ""MI"": ""platt"", ""STTC"": ""platt"", ""CD"": ""platt"", ""HYP"": ""platt""}, ""eps0.01"": {""NORM"": ""temperature"", ""MI"": ""platt"", ""STTC"": ""isotonic"", ""CD"": ""platt"", ""HYP"": ""platt""}}"
M4_D1,ECGFM-KED,PTB-XL,raw,0.0792,0.4613,0.1327,0.7694,0.0,0.0,
M4_D1,ECGFM-KED,PTB-XL,platt,0.0619,0.404,0.1263,0.7694,0.0,0.0,
M4_D1,ECGFM-KED,PTB-XL,temperature,0.0963,0.4365,0.1339,0.7694,0.0,0.0,
M4_D1,ECGFM-KED,PTB-XL,isotonic,0.0335,0.4684,0.1253,0.7643,0.0051,0.0128,
M4_D1,ECGFM-KED,PTB-XL,ranksafe_eps0.005,0.0548,0.4371,0.1257,0.7682,0.0012,0.0058,"{""eps0.005"": {""NORM"": ""temperature"", ""MI"": ""platt"", ""STTC"": ""isotonic"", ""CD"": ""platt"", ""HYP"": ""platt""}, ""eps0.01"": {""NORM"": ""temperature"", ""MI"": ""platt"", ""STTC"": ""isotonic"", ""CD"": ""platt"", ""HYP"": ""isotonic""}}"
M4_D1,ECGFM-KED,PTB-XL,ranksafe_eps0.01,0.0525,0.4623,0.1261,0.7694,-0.0001,0.0058,"{""eps0.005"": {""NORM"": ""temperature"", ""MI"": ""platt"", ""STTC"": ""isotonic"", ""CD"": ""platt"", ""HYP"": ""platt""}, ""eps0.01"": {""NORM"": ""temperature"", ""MI"": ""platt"", ""STTC"": ""isotonic"", ""CD"": ""platt"", ""HYP"": ""isotonic""}}"
M5_D1,ECG-FM,PTB-XL,raw,0.0882,0.4462,0.1248,0.8148,0.0,0.0,
M5_D1,ECG-FM,PTB-XL,platt,0.0683,0.378,0.1167,0.8148,0.0,0.0,
M5_D1,ECG-FM,PTB-XL,temperature,0.0846,0.3893,0.1197,0.8148,0.0,0.0,
M5_D1,ECG-FM,PTB-XL,isotonic,0.045,0.4238,0.1161,0.8009,0.0139,0.0217,
M5_D1,ECG-FM,PTB-XL,ranksafe_eps0.005,0.0595,0.3836,0.1155,0.8113,0.0035,0.0177,"{""eps0.005"": {""NORM"": ""temperature"", ""MI"": ""platt"", ""STTC"": ""platt"", ""CD"": ""isotonic"", ""HYP"": ""platt""}, ""eps0.01"": {""NORM"": ""temperature"", ""MI"": ""platt"", ""STTC"": ""platt"", ""CD"": ""isotonic"", ""HYP"": ""platt""}}"
M5_D1,ECG-FM,PTB-XL,ranksafe_eps0.01,0.0595,0.3836,0.1155,0.8113,0.0035,0.0177,"{""eps0.005"": {""NORM"": ""temperature"", ""MI"": ""platt"", ""STTC"": ""platt"", ""CD"": ""isotonic"", ""HYP"": ""platt""}, ""eps0.01"": {""NORM"": ""temperature"", ""MI"": ""platt"", ""STTC"": ""platt"", ""CD"": ""isotonic"", ""HYP"": ""platt""}}"
M6_D1,S4D,PTB-XL,raw,0.0643,0.4239,0.1299,0.7712,0.0,0.0,
M6_D1,S4D,PTB-XL,platt,0.057,0.4117,0.1306,0.7712,0.0,0.0,
M6_D1,S4D,PTB-XL,temperature,0.0624,0.4216,0.1308,0.7712,0.0,0.0,
M6_D1,S4D,PTB-XL,isotonic,0.0579,0.4482,0.1332,0.7613,0.0099,0.0319,
M6_D1,S4D,PTB-XL,ranksafe_eps0.005,0.061,0.4318,0.1328,0.7692,0.002,0.0056,"{""eps0.005"": {""NORM"": ""isotonic"", ""MI"": ""platt"", ""STTC"": ""temperature"", ""CD"": ""isotonic"", ""HYP"": ""temperature""}, ""eps0.01"": {""NORM"": ""isotonic"", ""MI"": ""platt"", ""STTC"": ""temperature"", ""CD"": ""isotonic"", ""HYP"": ""temperature""}}"
M6_D1,S4D,PTB-XL,ranksafe_eps0.01,0.061,0.4318,0.1328,0.7692,0.002,0.0056,"{""eps0.005"": {""NORM"": ""isotonic"", ""MI"": ""platt"", ""STTC"": ""temperature"", ""CD"": ""isotonic"", ""HYP"": ""temperature""}, ""eps0.01"": {""NORM"": ""isotonic"", ""MI"": ""platt"", ""STTC"": ""temperature"", ""CD"": ""isotonic"", ""HYP"": ""temperature""}}"
M1_D3,MERL,CODE-15%,raw,0.0199,0.1502,0.0439,0.8645,0.0,0.0,
M1_D3,MERL,CODE-15%,platt,0.0168,0.1479,0.0431,0.8645,0.0,0.0,
M1_D3,MERL,CODE-15%,temperature,0.0166,0.1449,0.0433,0.8645,0.0,0.0,
M1_D3,MERL,CODE-15%,isotonic,0.0141,0.1636,0.0429,0.8464,0.0181,0.1092,
M1_D3,MERL,CODE-15%,ranksafe_eps0.005,0.0141,0.1467,0.0428,0.8645,0.0,0.0,"{""eps0.005"": {""1dAVb"": ""temperature"", ""RBBB"": ""platt"", ""LBBB"": ""platt"", ""SB"": ""platt"", ""ST"": ""platt"", ""AF"": ""platt"", ""NORM"": ""temperature""}, ""eps0.01"": {""1dAVb"": ""temperature"", ""RBBB"": ""platt"", ""LBBB"": ""platt"", ""SB"": ""platt"", ""ST"": ""platt"", ""AF"": ""platt"", ""NORM"": ""isotonic""}}"
M1_D3,MERL,CODE-15%,ranksafe_eps0.01,0.0145,0.1492,0.0427,0.8645,0.0,0.0,"{""eps0.005"": {""1dAVb"": ""temperature"", ""RBBB"": ""platt"", ""LBBB"": ""platt"", ""SB"": ""platt"", ""ST"": ""platt"", ""AF"": ""platt"", ""NORM"": ""temperature""}, ""eps0.01"": {""1dAVb"": ""temperature"", ""RBBB"": ""platt"", ""LBBB"": ""platt"", ""SB"": ""platt"", ""ST"": ""platt"", ""AF"": ""platt"", ""NORM"": ""isotonic""}}"
M2_D3,ST-MEM,CODE-15%,raw,0.0283,0.1449,0.0409,0.9477,0.0,0.0,
M2_D3,ST-MEM,CODE-15%,platt,0.0167,0.1318,0.0395,0.9477,0.0,0.0,
M2_D3,ST-MEM,CODE-15%,temperature,0.0138,0.1166,0.0376,0.9471,0.0006,0.0043,
M2_D3,ST-MEM,CODE-15%,isotonic,0.0132,0.1361,0.0383,0.9291,0.0186,0.0701,
M2_D3,ST-MEM,CODE-15%,ranksafe_eps0.005,0.0132,0.1332,0.0387,0.9464,0.0014,0.0061,"{""eps0.005"": {""1dAVb"": ""platt"", ""RBBB"": ""platt"", ""LBBB"": ""platt"", ""SB"": ""platt"", ""ST"": ""platt"", ""AF"": ""isotonic"", ""NORM"": ""isotonic""}, ""eps0.01"": {""1dAVb"": ""platt"", ""RBBB"": ""platt"", ""LBBB"": ""platt"", ""SB"": ""platt"", ""ST"": ""platt"", ""AF"": ""isotonic"", ""NORM"": ""isotonic""}}"
M2_D3,ST-MEM,CODE-15%,ranksafe_eps0.01,0.0132,0.1332,0.0387,0.9464,0.0014,0.0061,"{""eps0.005"": {""1dAVb"": ""platt"", ""RBBB"": ""platt"", ""LBBB"": ""platt"", ""SB"": ""platt"", ""ST"": ""platt"", ""AF"": ""isotonic"", ""NORM"": ""isotonic""}, ""eps0.01"": {""1dAVb"": ""platt"", ""RBBB"": ""platt"", ""LBBB"": ""platt"", ""SB"": ""platt"", ""ST"": ""platt"", ""AF"": ""isotonic"", ""NORM"": ""isotonic""}}"
M3_D3,HuBERT-ECG,CODE-15%,raw,0.0325,0.1695,0.046,0.8777,0.0,0.0,
M3_D3,HuBERT-ECG,CODE-15%,platt,0.017,0.1507,0.0433,0.8777,0.0,0.0,
M3_D3,HuBERT-ECG,CODE-15%,temperature,0.0208,0.1439,0.044,0.8776,0.0002,0.0011,
M3_D3,HuBERT-ECG,CODE-15%,isotonic,0.0151,0.1529,0.0429,0.8733,0.0044,0.0098,
M3_D3,HuBERT-ECG,CODE-15%,ranksafe_eps0.005,0.0143,0.148,0.043,0.8772,0.0005,0.0022,"{""eps0.005"": {""1dAVb"": ""platt"", ""RBBB"": ""temperature"", ""LBBB"": ""platt"", ""SB"": ""platt"", ""ST"": ""platt"", ""AF"": ""platt"", ""NORM"": ""isotonic""}, ""eps0.01"": {""1dAVb"": ""platt"", ""RBBB"": ""temperature"", ""LBBB"": ""platt"", ""SB"": ""platt"", ""ST"": ""platt"", ""AF"": ""isotonic"", ""NORM"": ""isotonic""}}"
M3_D3,HuBERT-ECG,CODE-15%,ranksafe_eps0.01,0.0142,0.1492,0.0432,0.8764,0.0013,0.0056,"{""eps0.005"": {""1dAVb"": ""platt"", ""RBBB"": ""temperature"", ""LBBB"": ""platt"", ""SB"": ""platt"", ""ST"": ""platt"", ""AF"": ""platt"", ""NORM"": ""isotonic""}, ""eps0.01"": {""1dAVb"": ""platt"", ""RBBB"": ""temperature"", ""LBBB"": ""platt"", ""SB"": ""platt"", ""ST"": ""platt"", ""AF"": ""isotonic"", ""NORM"": ""isotonic""}}"
M5_D3,ECG-FM,CODE-15%,raw,0.0242,0.1998,0.0526,0.6684,0.0,0.0,
M5_D3,ECG-FM,CODE-15%,platt,0.0161,0.1725,0.0494,0.6362,0.0322,0.2252,
M5_D3,ECG-FM,CODE-15%,temperature,0.0266,0.191,0.0524,0.6684,0.0,0.0,
M5_D3,ECG-FM,CODE-15%,isotonic,0.0146,0.1942,0.049,0.6668,0.0015,0.0517,
M5_D3,ECG-FM,CODE-15%,ranksafe_eps0.005,0.0167,0.1755,0.0493,0.6363,0.0321,0.2252,"{""eps0.005"": {""1dAVb"": ""platt"", ""RBBB"": ""platt"", ""LBBB"": ""platt"", ""SB"": ""platt"", ""ST"": ""isotonic"", ""AF"": ""platt"", ""NORM"": ""platt""}, ""eps0.01"": {""1dAVb"": ""platt"", ""RBBB"": ""platt"", ""LBBB"": ""platt"", ""SB"": ""platt"", ""ST"": ""isotonic"", ""AF"": ""platt"", ""NORM"": ""platt""}}"
M5_D3,ECG-FM,CODE-15%,ranksafe_eps0.01,0.0167,0.1755,0.0493,0.6363,0.0321,0.2252,"{""eps0.005"": {""1dAVb"": ""platt"", ""RBBB"": ""platt"", ""LBBB"": ""platt"", ""SB"": ""platt"", ""ST"": ""isotonic"", ""AF"": ""platt"", ""NORM"": ""platt""}, ""eps0.01"": {""1dAVb"": ""platt"", ""RBBB"": ""platt"", ""LBBB"": ""platt"", ""SB"": ""platt"", ""ST"": ""isotonic"", ""AF"": ""platt"", ""NORM"": ""platt""}}"
M6_D3,S4D,CODE-15%,raw,0.0104,0.1676,0.0471,0.6848,0.0,0.0,
M6_D3,S4D,CODE-15%,platt,0.0116,0.1668,0.0477,0.6278,0.0569,0.1921,
M6_D3,S4D,CODE-15%,temperature,0.0147,0.1678,0.0472,0.6847,0.0,0.0002,
M6_D3,S4D,CODE-15%,isotonic,0.0101,0.1766,0.0471,0.6884,-0.0036,0.0037,
M6_D3,S4D,CODE-15%,ranksafe_eps0.005,0.0111,0.1666,0.0471,0.673,0.0118,0.0887,"{""eps0.005"": {""1dAVb"": ""temperature"", ""RBBB"": ""isotonic"", ""LBBB"": ""platt"", ""SB"": ""temperature"", ""ST"": ""platt"", ""AF"": ""platt"", ""NORM"": ""temperature""}, ""eps0.01"": {""1dAVb"": ""isotonic"", ""RBBB"": ""isotonic"", ""LBBB"": ""platt"", ""SB"": ""temperature"", ""ST"": ""platt"", ""AF"": ""platt"", ""NORM"": ""temperature""}}"
M6_D3,S4D,CODE-15%,ranksafe_eps0.01,0.0108,0.1681,0.047,0.6727,0.0121,0.0887,"{""eps0.005"": {""1dAVb"": ""temperature"", ""RBBB"": ""isotonic"", ""LBBB"": ""platt"", ""SB"": ""temperature"", ""ST"": ""platt"", ""AF"": ""platt"", ""NORM"": ""temperature""}, ""eps0.01"": {""1dAVb"": ""isotonic"", ""RBBB"": ""isotonic"", ""LBBB"": ""platt"", ""SB"": ""temperature"", ""ST"": ""platt"", ""AF"": ""platt"", ""NORM"": ""temperature""}}"
M1_D4,MERL,CPSC2018,raw,0.0243,0.181,0.0479,0.9098,0.0,0.0,
M1_D4,MERL,CPSC2018,platt,0.0237,0.178,0.0488,0.9098,0.0,0.0,
M1_D4,MERL,CPSC2018,temperature,0.0241,0.174,0.0479,0.9098,0.0,0.0,
M1_D4,MERL,CPSC2018,isotonic,0.0193,0.2031,0.0482,0.9053,0.0045,0.0138,
M1_D4,MERL,CPSC2018,ranksafe_eps0.005,0.0252,0.193,0.0482,0.9089,0.001,0.0046,"{""eps0.005"": {""Normal"": ""platt"", ""AF"": ""isotonic"", ""IAVB"": ""temperature"", ""LBBB"": ""temperature"", ""RBBB"": ""isotonic"", ""PAC"": ""platt"", ""PVC"": ""temperature"", ""STD"": ""isotonic"", ""STE"": ""platt""}, ""eps0.01"": {""Normal"": ""platt"", ""AF"": ""isotonic"", ""IAVB"": ""temperature"", ""LBBB"": ""temperature"", ""RBBB"": ""isotonic"", ""PAC"": ""platt"", ""PVC"": ""temperature"", ""STD"": ""isotonic"", ""STE"": ""isotonic""}}"
M1_D4,MERL,CPSC2018,ranksafe_eps0.01,0.0263,0.1949,0.0483,0.9085,0.0013,0.0046,"{""eps0.005"": {""Normal"": ""platt"", ""AF"": ""isotonic"", ""IAVB"": ""temperature"", ""LBBB"": ""temperature"", ""RBBB"": ""isotonic"", ""PAC"": ""platt"", ""PVC"": ""temperature"", ""STD"": ""isotonic"", ""STE"": ""platt""}, ""eps0.01"": {""Normal"": ""platt"", ""AF"": ""isotonic"", ""IAVB"": ""temperature"", ""LBBB"": ""temperature"", ""RBBB"": ""isotonic"", ""PAC"": ""platt"", ""PVC"": ""temperature"", ""STD"": ""isotonic"", ""STE"": ""isotonic""}}"
M2_D4,ST-MEM,CPSC2018,raw,0.0339,0.1886,0.0418,0.9501,0.0,0.0,
M2_D4,ST-MEM,CPSC2018,platt,0.0193,0.1562,0.0409,0.9501,0.0,0.0,
M2_D4,ST-MEM,CPSC2018,temperature,0.0239,0.1428,0.0402,0.9499,0.0002,0.0018,
M2_D4,ST-MEM,CPSC2018,isotonic,0.0179,0.1731,0.0396,0.9411,0.0089,0.0532,
M2_D4,ST-MEM,CPSC2018,ranksafe_eps0.005,0.0192,0.1561,0.0399,0.9492,0.0009,0.0037,"{""eps0.005"": {""Normal"": ""temperature"", ""AF"": ""temperature"", ""IAVB"": ""platt"", ""LBBB"": ""temperature"", ""RBBB"": ""isotonic"", ""PAC"": ""isotonic"", ""PVC"": ""isotonic"", ""STD"": ""platt"", ""STE"": ""platt""}, ""eps0.01"": {""Normal"": ""isotonic"", ""AF"": ""temperature"", ""IAVB"": ""platt"", ""LBBB"": ""temperature"", ""RBBB"": ""isotonic"", ""PAC"": ""isotonic"", ""PVC"": ""isotonic"", ""STD"": ""platt"", ""STE"": ""platt""}}"
M2_D4,ST-MEM,CPSC2018,ranksafe_eps0.01,0.0182,0.1586,0.0399,0.949,0.0011,0.0037,"{""eps0.005"": {""Normal"": ""temperature"", ""AF"": ""temperature"", ""IAVB"": ""platt"", ""LBBB"": ""temperature"", ""RBBB"": ""isotonic"", ""PAC"": ""isotonic"", ""PVC"": ""isotonic"", ""STD"": ""platt"", ""STE"": ""platt""}, ""eps0.01"": {""Normal"": ""isotonic"", ""AF"": ""temperature"", ""IAVB"": ""platt"", ""LBBB"": ""temperature"", ""RBBB"": ""isotonic"", ""PAC"": ""isotonic"", ""PVC"": ""isotonic"", ""STD"": ""platt"", ""STE"": ""platt""}}"
M3_D4,HuBERT-ECG,CPSC2018,raw,0.0506,0.2703,0.0676,0.8758,0.0,0.0,
M3_D4,HuBERT-ECG,CPSC2018,platt,0.0296,0.2252,0.063,0.8758,0.0,0.0,
M3_D4,HuBERT-ECG,CPSC2018,temperature,0.041,0.2255,0.0653,0.8758,0.0,0.0003,
M3_D4,HuBERT-ECG,CPSC2018,isotonic,0.0208,0.2227,0.0615,0.8675,0.0084,0.0212,
M3_D4,HuBERT-ECG,CPSC2018,ranksafe_eps0.005,0.0298,0.2206,0.0626,0.8755,0.0003,0.003,"{""eps0.005"": {""Normal"": ""temperature"", ""AF"": ""platt"", ""IAVB"": ""platt"", ""LBBB"": ""temperature"", ""RBBB"": ""isotonic"", ""PAC"": ""platt"", ""PVC"": ""platt"", ""STD"": ""platt"", ""STE"": ""platt""}, ""eps0.01"": {""Normal"": ""isotonic"", ""AF"": ""platt"", ""IAVB"": ""isotonic"", ""LBBB"": ""temperature"", ""RBBB"": ""isotonic"", ""PAC"": ""platt"", ""PVC"": ""platt"", ""STD"": ""platt"", ""STE"": ""platt""}}"
M3_D4,HuBERT-ECG,CPSC2018,ranksafe_eps0.01,0.0258,0.2178,0.0619,0.8745,0.0014,0.0082,"{""eps0.005"": {""Normal"": ""temperature"", ""AF"": ""platt"", ""IAVB"": ""platt"", ""LBBB"": ""temperature"", ""RBBB"": ""isotonic"", ""PAC"": ""platt"", ""PVC"": ""platt"", ""STD"": ""platt"", ""STE"": ""platt""}, ""eps0.01"": {""Normal"": ""isotonic"", ""AF"": ""platt"", ""IAVB"": ""isotonic"", ""LBBB"": ""temperature"", ""RBBB"": ""isotonic"", ""PAC"": ""platt"", ""PVC"": ""platt"", ""STD"": ""platt"", ""STE"": ""platt""}}"
M4_D4,ECGFM-KED,CPSC2018,raw,0.0251,0.257,0.0723,0.8213,0.0,0.0,
M4_D4,ECGFM-KED,CPSC2018,platt,0.029,0.255,0.0726,0.8213,0.0,0.0,
M4_D4,ECGFM-KED,CPSC2018,temperature,0.0291,0.2558,0.0726,0.8213,0.0,0.0,
M4_D4,ECGFM-KED,CPSC2018,isotonic,0.0205,0.2545,0.0716,0.8137,0.0076,0.0303,
M4_D4,ECGFM-KED,CPSC2018,ranksafe_eps0.005,0.0264,0.2562,0.0724,0.8213,0.0001,0.0006,"{""eps0.005"": {""Normal"": ""temperature"", ""AF"": ""isotonic"", ""IAVB"": ""platt"", ""LBBB"": ""platt"", ""RBBB"": ""temperature"", ""PAC"": ""platt"", ""PVC"": ""platt"", ""STD"": ""temperature"", ""STE"": ""platt""}, ""eps0.01"": {""Normal"": ""temperature"", ""AF"": ""isotonic"", ""IAVB"": ""platt"", ""LBBB"": ""platt"", ""RBBB"": ""temperature"", ""PAC"": ""platt"", ""PVC"": ""platt"", ""STD"": ""temperature"", ""STE"": ""platt""}}"
M4_D4,ECGFM-KED,CPSC2018,ranksafe_eps0.01,0.0264,0.2562,0.0724,0.8213,0.0001,0.0006,"{""eps0.005"": {""Normal"": ""temperature"", ""AF"": ""isotonic"", ""IAVB"": ""platt"", ""LBBB"": ""platt"", ""RBBB"": ""temperature"", ""PAC"": ""platt"", ""PVC"": ""platt"", ""STD"": ""temperature"", ""STE"": ""platt""}, ""eps0.01"": {""Normal"": ""temperature"", ""AF"": ""isotonic"", ""IAVB"": ""platt"", ""LBBB"": ""platt"", ""RBBB"": ""temperature"", ""PAC"": ""platt"", ""PVC"": ""platt"", ""STD"": ""temperature"", ""STE"": ""platt""}}"
M5_D4,ECG-FM,CPSC2018,raw,0.0323,0.2388,0.0666,0.8466,0.0,0.0,
M5_D4,ECG-FM,CPSC2018,platt,0.0284,0.2351,0.0661,0.8466,0.0,0.0,
M5_D4,ECG-FM,CPSC2018,temperature,0.0319,0.2329,0.0666,0.8466,0.0,0.0,
M5_D4,ECG-FM,CPSC2018,isotonic,0.0211,0.2409,0.0655,0.8366,0.01,0.0594,
M5_D4,ECG-FM,CPSC2018,ranksafe_eps0.005,0.0271,0.2327,0.066,0.8464,0.0002,0.0022,"{""eps0.005"": {""Normal"": ""temperature"", ""AF"": ""temperature"", ""IAVB"": ""platt"", ""LBBB"": ""platt"", ""RBBB"": ""isotonic"", ""PAC"": ""platt"", ""PVC"": ""temperature"", ""STD"": ""temperature"", ""STE"": ""platt""}, ""eps0.01"": {""Normal"": ""temperature"", ""AF"": ""temperature"", ""IAVB"": ""platt"", ""LBBB"": ""platt"", ""RBBB"": ""isotonic"", ""PAC"": ""platt"", ""PVC"": ""temperature"", ""STD"": ""temperature"", ""STE"": ""platt""}}"
M5_D4,ECG-FM,CPSC2018,ranksafe_eps0.01,0.0271,0.2327,0.066,0.8464,0.0002,0.0022,"{""eps0.005"": {""Normal"": ""temperature"", ""AF"": ""temperature"", ""IAVB"": ""platt"", ""LBBB"": ""platt"", ""RBBB"": ""isotonic"", ""PAC"": ""platt"", ""PVC"": ""temperature"", ""STD"": ""temperature"", ""STE"": ""platt""}, ""eps0.01"": {""Normal"": ""temperature"", ""AF"": ""temperature"", ""IAVB"": ""platt"", ""LBBB"": ""platt"", ""RBBB"": ""isotonic"", ""PAC"": ""platt"", ""PVC"": ""temperature"", ""STD"": ""temperature"", ""STE"": ""platt""}}"
M6_D4,S4D,CPSC2018,raw,0.0232,0.2654,0.0754,0.8029,0.0,0.0,
M6_D4,S4D,CPSC2018,platt,0.0296,0.2663,0.0763,0.8029,0.0,0.0,
M6_D4,S4D,CPSC2018,temperature,0.0253,0.2659,0.0755,0.8029,0.0,0.0,
M6_D4,S4D,CPSC2018,isotonic,0.0207,0.2652,0.0752,0.7976,0.0054,0.016,
M6_D4,S4D,CPSC2018,ranksafe_eps0.005,0.0218,0.2631,0.0751,0.8024,0.0005,0.0043,"{""eps0.005"": {""Normal"": ""temperature"", ""AF"": ""platt"", ""IAVB"": ""temperature"", ""LBBB"": ""temperature"", ""RBBB"": ""platt"", ""PAC"": ""temperature"", ""PVC"": ""isotonic"", ""STD"": ""temperature"", ""STE"": ""temperature""}, ""eps0.01"": {""Normal"": ""temperature"", ""AF"": ""platt"", ""IAVB"": ""temperature"", ""LBBB"": ""temperature"", ""RBBB"": ""platt"", ""PAC"": ""temperature"", ""PVC"": ""isotonic"", ""STD"": ""isotonic"", ""STE"": ""temperature""}}"
M6_D4,S4D,CPSC2018,ranksafe_eps0.01,0.0224,0.2642,0.0751,0.8018,0.0011,0.0056,"{""eps0.005"": {""Normal"": ""temperature"", ""AF"": ""platt"", ""IAVB"": ""temperature"", ""LBBB"": ""temperature"", ""RBBB"": ""platt"", ""PAC"": ""temperature"", ""PVC"": ""isotonic"", ""STD"": ""temperature"", ""STE"": ""temperature""}, ""eps0.01"": {""Normal"": ""temperature"", ""AF"": ""platt"", ""IAVB"": ""temperature"", ""LBBB"": ""temperature"", ""RBBB"": ""platt"", ""PAC"": ""temperature"", ""PVC"": ""isotonic"", ""STD"": ""isotonic"", ""STE"": ""temperature""}}"
M1_D5,MERL,MIMIC-IV-ECG,raw,0.0738,0.3512,0.0822,0.8605,0.0,0.0,
M1_D5,MERL,MIMIC-IV-ECG,platt,0.0402,0.2611,0.0744,0.8605,0.0,0.0,
M1_D5,MERL,MIMIC-IV-ECG,temperature,0.0616,0.2774,0.0795,0.8605,0.0,0.0,
M1_D5,MERL,MIMIC-IV-ECG,isotonic,0.0491,0.3582,0.0766,0.8538,0.0067,0.0123,
M1_D5,MERL,MIMIC-IV-ECG,ranksafe_eps0.005,0.0399,0.2994,0.0745,0.8568,0.0037,0.0123,"{""eps0.005"": {""SR"": ""platt"", ""AF"": ""platt"", ""RBBB"": ""isotonic"", ""LVH"": ""platt"", ""MI"": ""isotonic""}, ""eps0.01"": {""SR"": ""platt"", ""AF"": ""platt"", ""RBBB"": ""isotonic"", ""LVH"": ""platt"", ""MI"": ""isotonic""}}"
M1_D5,MERL,MIMIC-IV-ECG,ranksafe_eps0.01,0.0399,0.2994,0.0745,0.8568,0.0037,0.0123,"{""eps0.005"": {""SR"": ""platt"", ""AF"": ""platt"", ""RBBB"": ""isotonic"", ""LVH"": ""platt"", ""MI"": ""isotonic""}, ""eps0.01"": {""SR"": ""platt"", ""AF"": ""platt"", ""RBBB"": ""isotonic"", ""LVH"": ""platt"", ""MI"": ""isotonic""}}"
M2_D5,ST-MEM,MIMIC-IV-ECG,raw,0.0801,0.4042,0.0822,0.8537,0.0,0.0,
M2_D5,ST-MEM,MIMIC-IV-ECG,platt,0.0381,0.2566,0.0704,0.8537,0.0,0.0,
M2_D5,ST-MEM,MIMIC-IV-ECG,temperature,0.0592,0.2581,0.0754,0.8542,-0.0005,0.0,
M2_D5,ST-MEM,MIMIC-IV-ECG,isotonic,0.0397,0.3409,0.0702,0.8456,0.0081,0.02,
M2_D5,ST-MEM,MIMIC-IV-ECG,ranksafe_eps0.005,0.0381,0.2566,0.0704,0.8537,0.0,0.0,"{""eps0.005"": {""SR"": ""platt"", ""AF"": ""platt"", ""RBBB"": ""platt"", ""LVH"": ""platt"", ""MI"": ""platt""}, ""eps0.01"": {""SR"": ""platt"", ""AF"": ""platt"", ""RBBB"": ""platt"", ""LVH"": ""platt"", ""MI"": ""platt""}}"
M2_D5,ST-MEM,MIMIC-IV-ECG,ranksafe_eps0.01,0.0381,0.2566,0.0704,0.8537,0.0,0.0,"{""eps0.005"": {""SR"": ""platt"", ""AF"": ""platt"", ""RBBB"": ""platt"", ""LVH"": ""platt"", ""MI"": ""platt""}, ""eps0.01"": {""SR"": ""platt"", ""AF"": ""platt"", ""RBBB"": ""platt"", ""LVH"": ""platt"", ""MI"": ""platt""}}"
M3_D5,HuBERT-ECG,MIMIC-IV-ECG,raw,0.1062,0.4875,0.1132,0.7948,0.0,0.0,
M3_D5,HuBERT-ECG,MIMIC-IV-ECG,platt,0.0371,0.3207,0.0925,0.7948,0.0,0.0,
M3_D5,HuBERT-ECG,MIMIC-IV-ECG,temperature,0.0806,0.3244,0.1005,0.7948,0.0,0.0,
M3_D5,HuBERT-ECG,MIMIC-IV-ECG,isotonic,0.0434,0.3479,0.0902,0.7767,0.0181,0.0397,
M3_D5,HuBERT-ECG,MIMIC-IV-ECG,ranksafe_eps0.005,0.037,0.3218,0.0919,0.7869,0.0079,0.0397,"{""eps0.005"": {""SR"": ""platt"", ""AF"": ""platt"", ""RBBB"": ""platt"", ""LVH"": ""isotonic"", ""MI"": ""platt""}, ""eps0.01"": {""SR"": ""platt"", ""AF"": ""platt"", ""RBBB"": ""platt"", ""LVH"": ""isotonic"", ""MI"": ""platt""}}"
M3_D5,HuBERT-ECG,MIMIC-IV-ECG,ranksafe_eps0.01,0.037,0.3218,0.0919,0.7869,0.0079,0.0397,"{""eps0.005"": {""SR"": ""platt"", ""AF"": ""platt"", ""RBBB"": ""platt"", ""LVH"": ""isotonic"", ""MI"": ""platt""}, ""eps0.01"": {""SR"": ""platt"", ""AF"": ""platt"", ""RBBB"": ""platt"", ""LVH"": ""isotonic"", ""MI"": ""platt""}}"
M4_D5,ECGFM-KED,MIMIC-IV-ECG,raw,0.0633,0.3761,0.0966,0.732,0.0,0.0,
M4_D5,ECGFM-KED,MIMIC-IV-ECG,platt,0.052,0.3208,0.0944,0.732,0.0,0.0,
M4_D5,ECGFM-KED,MIMIC-IV-ECG,temperature,0.0771,0.3592,0.0996,0.732,-0.0,0.0,
M4_D5,ECGFM-KED,MIMIC-IV-ECG,isotonic,0.0584,0.3603,0.0939,0.7182,0.0138,0.0487,
M4_D5,ECGFM-KED,MIMIC-IV-ECG,ranksafe_eps0.005,0.052,0.3208,0.0944,0.732,0.0,0.0,"{""eps0.005"": {""SR"": ""platt"", ""AF"": ""platt"", ""RBBB"": ""platt"", ""LVH"": ""platt"", ""MI"": ""platt""}, ""eps0.01"": {""SR"": ""platt"", ""AF"": ""platt"", ""RBBB"": ""platt"", ""LVH"": ""platt"", ""MI"": ""platt""}}"
M4_D5,ECGFM-KED,MIMIC-IV-ECG,ranksafe_eps0.01,0.052,0.3208,0.0944,0.732,0.0,0.0,"{""eps0.005"": {""SR"": ""platt"", ""AF"": ""platt"", ""RBBB"": ""platt"", ""LVH"": ""platt"", ""MI"": ""platt""}, ""eps0.01"": {""SR"": ""platt"", ""AF"": ""platt"", ""RBBB"": ""platt"", ""LVH"": ""platt"", ""MI"": ""platt""}}"
M5_D5,ECG-FM,MIMIC-IV-ECG,raw,0.0756,0.3871,0.0975,0.7713,0.0,0.0,
M5_D5,ECG-FM,MIMIC-IV-ECG,platt,0.0345,0.3018,0.0873,0.7713,0.0,0.0,
M5_D5,ECG-FM,MIMIC-IV-ECG,temperature,0.0821,0.3393,0.0975,0.7713,0.0,0.0,
M5_D5,ECG-FM,MIMIC-IV-ECG,isotonic,0.0369,0.3869,0.0899,0.7667,0.0046,0.0101,
M5_D5,ECG-FM,MIMIC-IV-ECG,ranksafe_eps0.005,0.0345,0.3018,0.0873,0.7713,0.0,0.0,"{""eps0.005"": {""SR"": ""platt"", ""AF"": ""platt"", ""RBBB"": ""platt"", ""LVH"": ""platt"", ""MI"": ""platt""}, ""eps0.01"": {""SR"": ""platt"", ""AF"": ""platt"", ""RBBB"": ""platt"", ""LVH"": ""platt"", ""MI"": ""isotonic""}}"
M5_D5,ECG-FM,MIMIC-IV-ECG,ranksafe_eps0.01,0.0396,0.3405,0.0888,0.7696,0.0017,0.0084,"{""eps0.005"": {""SR"": ""platt"", ""AF"": ""platt"", ""RBBB"": ""platt"", ""LVH"": ""platt"", ""MI"": ""platt""}, ""eps0.01"": {""SR"": ""platt"", ""AF"": ""platt"", ""RBBB"": ""platt"", ""LVH"": ""platt"", ""MI"": ""isotonic""}}"
M6_D5,S4D,MIMIC-IV-ECG,raw,0.0434,0.2909,0.0866,0.7934,0.0,0.0,
M6_D5,S4D,MIMIC-IV-ECG,platt,0.0474,0.3038,0.0896,0.7934,0.0,0.0,
M6_D5,S4D,MIMIC-IV-ECG,temperature,0.048,0.2929,0.0874,0.7934,0.0,0.0,
M6_D5,S4D,MIMIC-IV-ECG,isotonic,0.0398,0.3084,0.0881,0.78,0.0134,0.035,
M6_D5,S4D,MIMIC-IV-ECG,ranksafe_eps0.005,0.0499,0.3026,0.0895,0.7904,0.003,0.0148,"{""eps0.005"": {""SR"": ""temperature"", ""AF"": ""isotonic"", ""RBBB"": ""platt"", ""LVH"": ""platt"", ""MI"": ""platt""}, ""eps0.01"": {""SR"": ""temperature"", ""AF"": ""isotonic"", ""RBBB"": ""platt"", ""LVH"": ""platt"", ""MI"": ""platt""}}"
M6_D5,S4D,MIMIC-IV-ECG,ranksafe_eps0.01,0.0499,0.3026,0.0895,0.7904,0.003,0.0148,"{""eps0.005"": {""SR"": ""temperature"", ""AF"": ""isotonic"", ""RBBB"": ""platt"", ""LVH"": ""platt"", ""MI"": ""platt""}, ""eps0.01"": {""SR"": ""temperature"", ""AF"": ""isotonic"", ""RBBB"": ""platt"", ""LVH"": ""platt"", ""MI"": ""platt""}}"
